"","Androgen","EGFR","Estrogen","Hypoxia","JAK-STAT","MAPK","NFkB","p53","PI3K","TGFb","TNFa","Trail","VEGF","WNT"
"1110032A03Rik",0,0,0,0,0,0,0,0,-3.33427274658542,0,0,0,0,0
"1110032F04Rik",0,0,0,0,0,0,0,0,0,4.8090374633887,0,0,0,0
"1700029J07Rik",0,0,0,6.05330092209778,0,0,0,0,0,0,0,0,0,0
"1700057G04Rik",0,0,0,0,2.8272010575354,0,0,0,0,0,0,0,0,0
"1700123L14Rik",0,0,0,0,0,0.887355367417905,0,0,0,0,0,0,0,0
"1810037I17Rik",0,0,0,7.43791888787026,0,0,0,0,0,0,0,0,0,0
"2010005H15Rik",0,0,0,0,0,0,0,1.12575971296347,0,0,0,0,0,0
"4921501E09Rik",0.93482246779,0,0,0,0,0,0,0,0,0,0,0,0,0
"4921536K21Rik",0,0,0,0,0,0,0,0,12.2398089550562,0,0,0,0,0
"4931406C07Rik",0,-2.59084283821753,0,0,0,0,0,0,0,0,0,0,0,0
"6030468B19Rik",0,0,0,0,0,0,0,0,0,0,0,2.21300321523207,0,0
"6430548M08Rik",0,0,-3.62315496931,0,0,0,0,0,0,0,0,0,0,0
"9930012K11Rik",0,0,0,3.10787143470826,0,0,0,0,0,0,0,0,0,0
"A230050P20Rik",0,0,0,0,5.47812604985806,0,0,0,0,0,0,0,0,0
"A530032D15Rik",0,0,0,0,1.7357425442007,0,0,0,0,0,0,0,0,0
"A630001G21Rik",0,0,0,0,1.7357425442007,0,0,0,0,0,0,0,0,0
"AA986860",11.3868523945,0,0,0,0,0,0,0,0,0,0,0,0,0
"Abca12",0,0,0,0,0,0,0,9.59718211876955,0,0,0,0,0,0
"Abca6",0,0,0,0,0,0,0,0,0,-3.27153689503516,0,0,0,0
"Abca8b",0,0,0,0,0,0,0,0,0,-1.70924507988481,0,0,0,0
"Abcc4",9.37428478112,0,0,0,0,0,0,0,0,0,0,0,0,0
"Abcc5",0,0,-4.8549878295,0,0,0,0,0,0,0,0,0,0,0
"Abhd18",0,-1.2730325781368,0,0,0,0,0,0,0,0,0,0,0,0
"Abhd2",5.229518364,0,0,0,0,0,0,0,0,0,0,0,0,0
"Abtb1",0,0,0,0,0,0,0,0,-2.68688005535671,0,0,0,0,0
"Acbd4",0,0,0,0,0,0,0,0,-3.2096475771497,0,0,0,0,0
"Acer2",0,0,0,0,0,0,0,11.5960643896458,0,0,0,0,0,0
"Acox3",0,0,0,0,0,0,0,0,0,2.72152876515143,0,0,0,0
"Acpp",-3.01472809845,0,0,0,0,0,0,0,0,0,0,0,0,0
"Acsl3",8.25821358567,0,0,0,0,0,0,0,0,0,0,0,0,0
"Actc1",0,0,0,0,0,0,0,0,0,3.3374297971927,0,0,0,0
"Adam12",0,0,0,0,0,0,0,0,0,3.96830453450054,0,0,0,0
"Adam7",3.11174530687,0,0,0,0,0,0,0,0,0,0,0,0,0
"Adamts17",0,0,0,0,0,0,0,0,0,0,0,-1.5773492573586,0,0
"Adamtsl5",0,0,0,0,0,0,0,0,0,0,0,1.20430141333721,0,0
"Adar",0,0,0,0,3.87492896070225,0,0,0,0,0,0,0,0,0
"Adcy9",0,0,3.2478819979,0,0,0,0,0,0,0,0,0,0,0
"Adgrd1",0,0,0,0,0,0,0,0,0,0,0,0,-3.68664523264694,0
"Adm",0,0,0,17.8256961411318,0,0,0,0,0,0,0,0,0,0
"Adora1",0,1.26781000839001,5.02379225883,0,0,0,0,0,0,0,0,0,0,0
"Adprm",4.13348871896,0,0,0,0,0,0,0,0,0,0,0,0,0
"Aebp1",0,0,0,0,0,0,0,0,-4.09261078767931,0,0,0,0,0
"Aen",0,2.98740289742821,0,0,0,3.21611826452391,0,0,0,0,0,0,0,0
"Aff3",2.48009244085,0,0,0,0,0,0,0,0,0,0,0,0,0
"Afg3l2",0,0,0,0,0,0,0,0,0,0,0,-1.10464524614514,0,0
"Afmid",0,0,0,0,0,0,0,0,0,0,0,-2.31305514312579,0,0
"Ahrr",0,0,0,0,0,0,0,0,0,0,0,0,18.5042225173004,0
"Aim2",0,0,0,0,4.58817691867637,0,0,0,0,0,0,0,0,0
"Aire",0,0,0,0,0,0,0,0,0,0,0,0,0,0.756269896603
"Ajuba",0,-3.19326466262031,0,0,0,0,0,0,0,0,0,0,0,0
"Ak1",0,0,0,0,0,0,0,4.35299241504451,0,0,0,0,0,0
"Ak4",0,0,0,9.69302350067685,0,0,0,0,0,0,0,0,0,0
"Ak5",0,0,0,0,0,0,0,0,0,-3.35713244014104,0,0,0,0
"Akr1b10",0,0,0,0,0,0,0,3.44069244667893,0,0,0,0,0,0
"Akr1b3",0,0,0,0,0,0,0,0,0,0,6.59669303559411,0,0,0
"Akr1b7",0,0,0,0,0,0,0,3.44069244667893,0,0,0,0,0,0
"Akr1b8",0,0,0,0,0,0,0,3.44069244667893,0,0,0,0,0,0
"Aldh1a1",0,0,0,0,0,0,0,0,0,0,0,0,-3.20125416407737,0
"Aldh1a7",0,0,0,0,0,0,0,0,0,0,0,0,-3.20125416407737,0
"Aldoa",0,0,0,2.55155936029375,0,0,0,0,0,0,0,0,0,0
"Aldoart1",0,0,0,2.55155936029375,0,0,0,0,0,0,0,0,0,0
"Aldoart2",0,0,0,2.55155936029375,0,0,0,0,0,0,0,0,0,0
"Aldoc",0,0,0,13.1615236445167,0,0,0,0,0,0,0,0,0,0
"Alg14",0,0,0,0,0,0,0,0,4.41613921979738,0,0,0,0,0
"Alkbh1",0,0,0,0,0,0,0,0,0,0,0,0,1.75594202846895,0
"Alox12",0,0,0,0,0,0,0,0,0,0,0,0,0,-2.38809168835
"Amigo1",0,0,0,0,0,0,0,0,-6.00032101275205,0,0,0,0,0
"Anapc16",0,-1.82101835805423,0,0,0,0,0,0,0,0,0,0,0,0
"Angpt1",0,0,0,0,0,0,0,0,0,0,0,0,0,-1.92617170318
"Angptl4",0,0,0,12.6406906455823,0,0,0,0,0,0,0,0,0,0
"Ankfy1",0,0,0,0,1.49237431014359,0,0,0,0,0,0,0,0,0
"Ankle2",0,0,0,0,0,0,2.2119763224409,0,0,0,2.3679316803426,0,0,0
"Ankmy1",0,0,0,0,0,0,0,0,0,0,0,0,0,0.58688972167
"Ankra2",0,0,0,0,0,0,0,10.8896309741869,0,0,0,0,0,0
"Ankrd1",0,0,0,0,0,0,0,0,0,0,0,0,0,5.75344104425
"Ankrd33b",0,0,0,0,0,0,4.49429872492497,0,0,0,0,0,0,0
"Ankrd37",0,0,0,8.48497615199521,0,0,0,0,0,0,0,0,0,0
"Anks1b",0,0,0,0,0,0,0,0,0,0,0,0,-2.57751849088035,0
"Ankzf1",0,0,0,7.35816286558204,0,0,0,0,0,0,0,0,0,0
"Ano2",0,0,0,0,0,0,0,0,0,0,0,0,0,1.36220022375
"Anxa5",0,0,0,0,0,0,0,0,0,0,0,0,-5.26878270342457,0
"Apaf1",0,0,0,0,0,0,0,3.55733570944424,0,0,0,0,0,0
"Apba3",0,0,0,0,0,0,0,0,0,0,2.17708576512392,0,0,0
"Apbb1",0,0,0,0,0,0,0,0,0,0,0,0,0,-1.01528790297
"Apoc1",0,0,0,0,0,0,0,0,-5.06131014685356,0,0,0,0,0
"Apol10a",0,0,0,0,0.681792911011292,0,0,0,0,0,0,0,0,0
"Apol10b",0,0,0,0,0.681792911011292,0,0,0,0,0,0,0,0,0
"Apol11a",0,0,0,0,0.681792911011292,0,0,0,0,0,0,0,0,0
"Apol11b",0,0,0,0,0.681792911011292,0,0,0,0,0,0,0,0,0
"Apol6",0,0,0,0,6.47492088303486,0,0,0,0,0,0,0,0,0
"Apol9a",0,0,0,0,0.681792911011292,0,0,0,0,0,0,0,0,0
"Apol9b",0,0,0,0,0.681792911011292,0,0,0,0,0,0,0,0,0
"Areg",0,0,0,0,0,4.9322864163768,0,0,0,0,0,0,0,0
"Arfgap1",0,0,0,0,0,0,0,0,0,2.07340117015275,0,0,0,0
"Arhgef17",0,0,0,0,0,-1.39689109122884,0,0,0,0,0,0,0,0
"Arhgef26",5.31107976025,0,0,0,0,0,0,0,0,0,0,0,0,0
"Arhgef40",0,0,0,0,0,0,0,0,0,2.00433068048266,0,0,0,0
"Arl2",0,0,0,0,0,0,0,0,-4.90773355658093,0,0,0,0,0
"Arl3",0,0,3.95094805128,0,0,0,0,0,0,0,0,0,0,0
"Arl4c",0,0,0,0,0,0,0,0,0,0,0,0,0,3.27342846498
"Arl9",0,0,0,0,0,0,0,0,0,0,0,0,-2.32334540018359,0
"Armcx6",0,0,3.3639024049,0,0,0,0,0,0,0,0,0,0,0
"Arntl2",0,0,0,0,0,0,0,0,0,0,3.76137766722961,0,0,0
"Arsj",0,0,0,0,0,0,0,0,7.06108078187924,0,0,0,0,0
"Art4",0,0,0,0,0,0,0,0,0,0,0,0,-2.06452249559302,0
"Asb12",0,0,0,0,0,0,0,0,0,0,0,1.43356957418812,0,0
"Asb13",0,0,6.99394259362,0,0,0,0,0,0,0,0,0,0,0
"Asb4",0,0,0,0,0,0,0,0,0,0,0,0,0,-0.728762798846
"Asb8",0,0,0,0,0,-1.69399615351741,0,0,0,0,0,0,0,0
"Aste1",0,0,0,0,0,0,0,0,0,0,0,0,2.65124034624065,0
"Asz1",0,0,0,0,0,0,0,0,0,0,0,1.17853451670649,0,0
"Atg2b",0,-1.64558044699328,0,0,0,0,0,0,0,0,0,0,0,0
"Atp10a",0,0,0,0,0,0,0,0,0,2.78485714657699,0,0,0,0
"Atp2a3",0,0,-2.88202583781,0,0,0,0,0,0,0,0,0,0,0
"Atp6v1g2",0,0,0,0,0,0,0,0,-7.23734622762513,0,0,0,0,0
"Atxn3",0,-1.27427867376912,0,0,0,0,0,0,0,0,0,0,0,0
"Auh",0,-2.19400351460581,0,0,0,0,0,0,0,0,0,0,0,0
"Avpr1a",0,0,0,0,0,0,0,0,0,0,0,0,0,-0.583503378752
"Azgp1",5.81835009695,0,0,0,0,0,0,0,0,0,0,0,0,0
"B3gnt2",0,0,0,0,0,0,0,0,0,0,0,0,0,2.16641085465
"B4galt1",0,0,0,0,0,0,2.53619871797362,0,0,0,2.74585326118168,0,0,0
"Baalc",0,0,0,0,0,0,0,0,0,0,0,0,2.14178266787112,0
"Baat",0,0,0,0,0,0,0,0,-3.55753878109094,0,0,0,0,0
"Bach2",0,0,0,0,0,0,0,0,0,0,0,1.939233902246,0,0
"Bank1",0,0,0,0,0,0,0,0,0,0,0,1.67912731336363,0,0
"Batf2",0,0,0,0,8.61349510610271,0,0,0,0,0,0,0,0,0
"BC100530",0,0,0,0,0,0,0,1.12575971296347,0,0,0,0,0,0
"BC117090",0,0,0,0,0,0,0,1.12575971296347,0,0,0,0,0,0
"Bcar3",0,0,0,0,0,0,0,0,0,0,0,0,5.83201039316044,0
"Bckdk",0,0,0,2.64503879194614,0,0,0,0,0,0,0,0,0,0
"Bcl2a1a",0,0,0,0,0,0,3.60423114344298,0,0,0,4.30625190128854,0,0,0
"Bcl2a1b",0,0,0,0,0,0,3.60423114344298,0,0,0,4.30625190128854,0,0,0
"Bcl2a1c",0,0,0,0,0,0,3.60423114344298,0,0,0,4.30625190128854,0,0,0
"Bcl2a1d",0,0,0,0,0,0,3.60423114344298,0,0,0,4.30625190128854,0,0,0
"Bcl2l14",0,0,0,0,2.12289286200719,0,0,0,0,0,0,0,0,0
"Bcor",0,0,0,0,0,0,0,0,0,2.73574649292318,0,0,0,0
"Bcorl1",0,0,0,0,0,0,0,0,0,0,0,0,0,-0.734435319083
"Bdh2",0,0,0,0,0,-2.49659086794075,0,0,0,0,0,0,0,0
"Bdkrb1",0,0,0,0,0,0,0,0,0,0,4.92230605182128,0,0,0
"Begain",0,0,0,0,0,0,0,0,-4.19647716673333,0,0,0,0,0
"Bend4",0,0,0,0,0,0,0,0,0,0,0,0,-2.47092843543712,0
"Bgn",0,0,0,0,0,0,0,0,0,3.23783999976143,0,0,0,0
"Bhlhe40",0,0,0,15.2423595973095,0,0,0,0,0,0,0,0,0,0
"Bhmt",0,0,0,0,0,0,0,0,0,0,0,1.27667238263648,0,0
"Bid",0,0,0,0,0,0,4.72982353922745,0,0,0,5.60413176278799,0,0,0
"Birc2",0,0,0,0,0,0,4.01137932948259,0,0,0,4.6716612506693,0,0,0
"Birc3",0,0,0,0,0,0,12.4576121742067,0,0,0,13.5820454975574,0,0,0
"Blcap",0,0,0,0,0,0,0,4.62599326333332,0,0,0,0,0,0
"Bloc1s2",0,0,0,0,0,0,0,7.41262326071374,0,0,0,0,0,0
"Blzf1",0,0,0,0,1.96324856432198,0,0,0,0,0,0,0,0,0
"Bmp2",0,0,0,0,0,0,0,0,0,0,8.58244616483555,0,0,0
"Bmp4",0,0,0,0,0,0,0,0,0,0,-3.6504498229496,0,0,5.93683107305
"Bmp7",0,0,-2.76775520299,0,0,0,0,0,0,0,0,0,0,2.09307161751
"Bmpr1b",4.63408450531,0,0,0,0,0,0,0,0,0,0,0,0,0
"Bmpr2",0,0,0,0,0,0,0,0,0,4.01550503146815,0,0,0,0
"Bnc1",0,0,0,0,0,0,0,0,0,0,0,0,0,1.58225139336
"Bnip3",0,0,0,19.4179740395614,0,0,0,0,0,0,0,0,0,0
"Bnip3l",0,0,0,14.1203023705634,0,0,0,0,0,0,0,0,0,0
"Bpgm",0,0,0,0,0,0,0,0,0,0,5.51921007067165,0,0,0
"Bphl",0,0,0,0,0,0,0,0,-4.11019772550667,0,0,0,0,0
"Bri3",0,0,0,0,0,0,0,0,-4.98428162274632,0,0,0,0,0
"Brix1",0,0,0,0,0,2.86674906007426,0,0,0,0,0,0,0,0
"Brs3",0,0,0,0,0,0,0,0,0,0,0,0.857473561278004,0,0
"Bsdc1",0,-1.26936896809616,0,0,0,0,0,0,0,0,0,0,0,0
"Bst2",0,0,0,0,8.10499358547223,0,0,0,0,0,0,0,0,0
"Btbd10",0,0,0,0,0,0,0,4.6234179857618,0,0,0,0,0,0
"Btg2",0,0,0,0,0,0,0,10.2252230994473,0,0,0,0,0,0
"Bzw1",0,2.74615194948898,0,0,0,2.78108543054007,0,0,0,0,0,0,0,0
"C130026I21Rik",0,0,0,0,1.7357425442007,0,0,0,0,0,0,0,0,0
"C1qtnf1",0,0,0,0,0,0,0,0,0,0,5.76229135641842,0,0,0
"C1qtnf4",0,0,0,0,0,0,0,0,0,0,0,0,-1.85916802627489,0
"C2cd3",0,0,0,0,0,0,0,0,0,0,0,0,0,1.45436019911
"C2cd5",0,-1.93904307015901,0,0,0,0,0,0,0,0,0,0,0,0
"C3",0,0,0,0,0,0,0,0,0,0,9.89843789140028,0,0,0
"C330007P06Rik",0,0,0,0,0,0,0,0,0,0,0,-1.37939389765807,0,0
"C530008M17Rik",0,0,0,0,0,0,0,0,0,0,0,0,-4.87119003049659,0
"C5ar2",0,0,4.7330543263,0,0,0,0,0,0,0,0,0,0,0
"C77080",0,-2.50694146733729,0,0,0,-2.29989865248777,0,0,0,0,0,0,0,0
"Cab39l",0,0,-4.12631179667,0,0,0,0,0,0,0,0,0,0,0
"Cabyr",0,0,0,0,0,0,0,6.12547191219197,0,0,0,0,0,0
"Cacna1e",0,0,0,0,0,0,0,0,0,0,0,0,0,1.07499664802
"Calcr",0,0,5.39627356601,0,0,0,0,0,0,0,0,0,0,0
"Cald1",0,0,0,0,0,0,0,0,0,3.05163558943135,0,0,0,0
"Camk1d",0,0,0,0,0,0,0,0,0,0,0,0,0,1.84366782207
"Camk4",0,0,0,0,0,0,0,0,0,0,0,0,-2.54705763730386,0
"Camkk2",3.73954403123,0,0,0,0,0,0,0,0,0,0,0,0,0
"Caml",0,0,0,0,0,0,0,0,-5.79570374485461,0,0,0,0,0
"Cap2",0,0,5.01154709433,0,0,0,0,0,0,0,0,0,0,0
"Capn15",0,0,0,0,0,1.45620021059426,0,0,0,0,0,0,0,0
"Capsl",0,0,0,0,0,0,0,0,0,0,0,0,-2.49836082209338,0
"Car12",0,0,8.41357762757,0,0,0,0,0,0,0,0,0,0,0
"Car14",0,0,0,0,0,0,0,0,-4.83804022189004,0,0,0,0,0
"Car9",0,0,0,13.9610678389863,0,0,0,0,0,0,0,0,0,0
"Carf",0,-1.60128408140437,0,0,0,0,0,0,0,0,0,0,0,0
"Carns1",0,0,0,0,0,0,0,4.53873384469128,0,0,0,0,0,0
"Casp7",0,0,0,0,3.43177390230457,0,0,0,0,0,0,0,0,0
"Casp9",0,0,-2.43538830188,0,0,0,0,0,0,0,0,0,0,0
"Cbarp",0,0.979442478621881,0,0,0,0,0,0,0,0,0,0,0,0
"Cbfa2t3",0,0,0,0,0,0,0,0,0,0,0,2.08475037082496,0,0
"Cbfb",0,0,0,0,0,2.33999820545757,0,0,0,0,0,0,0,0
"Cbll1",5.32543758834,0,0,0,0,0,0,0,0,0,0,0,0,0
"Cbx7",0,0,0,0,0,0,0,0,-6.43722025284963,0,0,0,0,0
"Ccdc105",0,0,0,0,0,0,0,0,0,0,0,1.26474567362882,0,0
"Ccdc141",0,0,0,0,0,0,0,0,0,0,0,0,-1.58801197816074,0
"Ccdc150",0,0,0,0,0,0,0,-3.17452711127065,0,0,0,0,0,0
"Ccdc151",0,0,0,0,0,0,0,0,0,0,0,1.33921956531812,0,0
"Ccdc155",0,0,0,0,0,0,0,0,0,0,0,1.69945908127163,0,0
"Ccdc25",0,0,0,0,0,0,0,0,-4.33927130721477,0,0,0,0,0
"Ccdc28a",0,-3.1018147713204,0,0,0,0,0,0,-8.06067844120822,0,0,0,0,0
"Ccdc81",0,0,0,0,0,0,0,0,0,0,0,0,-2.30136366491409,0
"Ccdc90b",0,0,0,0,0,0,0,3.38810946263638,0,0,0,0,0,0
"Ccl2",0,0,0,0,0,0,17.5659918325355,0,0,0,19.8461827604001,0,0,0
"Ccl20",0,0,0,0,0,0,36.6973078682593,0,0,0,38.38796712436,0,0,0
"Ccm2",0,0,0,0,0,0,0,0,0,0,0,0,4.27456516902487,0
"Ccnd1",0,0,0,0,0,6.26301160545996,0,0,0,0,0,0,0,0
"Ccng2",0,0,0,7.32584066928285,0,0,0,0,0,0,0,0,0,0
"Cd160",0,0.762055840881122,0,0,0,0,0,0,0,0,0,0,0,0
"Cd244a",0,0,0,0,0,0,0,0,0,0,0,0,0,0.75606236887
"Cd37",0,0,0,0,0,0,0,0,0,0,0,0,0,0.983030055041
"Cd40",0,0,0,0,0,0,3.52021359068652,0,0,0,0,0,0,0
"Cd47",0,0,0,0,0,0,0,0,0,0,2.582205229467,0,0,0
"Cd48",0,0,0,0,0,0,0,0,0,0,0,0,0,1.57824848108
"Cd72",0,0,0,0,0,0,0,0,0,0,0,0,-2.71772638853328,0
"Cd79a",0,0,0,0,0,0,0,0,0,0,0,0.973768673164574,0,0
"Cd80",0,0,0,0,0,0,3.79561507552718,0,0,0,0,0,0,0
"Cd82",0,0,0,0,0,0,0,0,0,0,4.52817514148528,0,0,0
"Cd83",0,0,0,0,0,0,10.4513708683432,0,0,0,11.0026648585106,0,0,0
"Cd93",0,0,0,0,0,0,0,0,0,0,0,0,3.08046025142857,0
"Cdc37l1",0,0,0,0,0,0,0,0,0,0,0,0,3.30291948664358,0
"Cdca4",0,0,0,0,0,3.01028126156975,0,0,0,0,0,0,0,0
"Cdh2",0,0,0,0,0,0,0,0,0,3.28831023806494,0,0,0,0
"Cdip1",0,0,0,0,0,0,0,5.04944358228244,0,0,0,0,0,0
"Cdk5rap3",0,0,0,0,0,0,0,0,-5.25476658764296,0,0,0,0,0
"Cdk8",-4.29086828336,0,0,0,0,0,0,0,0,0,0,0,0,0
"Cdkal1",0,0,0,0,0,0,0,-2.15383001738579,0,0,0,0,0,0
"Cdkn1a",0,0,0,0,0,0,0,15.9569703107547,0,0,0,0,0,0
"Cdkn1b",0,-3.267665796592,0,0,0,0,0,0,0,0,0,0,0,0
"Cdkn2b",0,0,0,0,0,0,0,0,0,3.37372810288728,0,0,0,0
"Cel",0,0,0,0,0,0,0,4.04953467226343,0,0,0,0,0,0
"Celsr2",0,0,8.66914415272,0,0,0,0,0,0,0,0,0,0,0
"Cenpn",8.49101673326,0,0,0,0,0,0,0,0,0,0,0,0,0
"Cept1",0,-0.994593734124264,0,0,0,0,0,0,0,0,0,0,0,0
"Ces2a",0,0,0,0,0,0,0,1.21339747359447,0,0,0,0,0,0
"Ces2b",0,0,0,0,0,0,0,1.21339747359447,0,0,0,0,0,0
"Ces2c",0,0,0,0,0,0,0,1.21339747359447,0,0,0,0,0,0
"Ces2e",0,0,0,0,0,0,0,1.21339747359447,0,0,0,0,0,0
"Ces2f",0,0,0,0,0,0,0,1.21339747359447,0,0,0,0,0,0
"Ces2g",0,0,0,0,0,0,0,1.21339747359447,0,0,0,0,0,0
"Cfb",0,0,0,0,0,0,6.31351994004626,0,0,0,7.42673542648038,0,0,0
"Cfl1",0,1.32924547866267,0,0,0,0,0,0,0,0,0,0,0,0
"Cflar",0,0,0,0,0,0,4.01671158821876,0,0,0,3.72654423539729,0,0,0
"Chrna10",0,0.689980899769992,0,0,0,0,0,0,0,0,0,0,0,0
"Chrna2",3.3317016194,0,0,0,0,0,0,0,0,0,0,0,0,0
"Chst3",0,0,0,0,0,0,0,0,0,2.22180085729483,0,0,0,0
"Cilp",0,0,0,0,0,0,0,0,0,4.65100396366156,0,0,0,0
"Cir1",0,0,0,0,0,0,0,0,-5.02316118285144,0,0,0,0,0
"Clca2",0,0,0,0,0,0,0,10.5192559356231,0,0,0,0,0,0
"Cldn1",0,0,0,0,0,0,0,0,0,0,9.08995559516412,0,0,0
"Cldn11",0,0,0,0,0,0,0,0,0,-3.69028339577921,0,0,0,0
"Cldn4",0,0,-3.82821711919,0,0,0,0,0,0,0,0,0,0,-1.89939345585
"Cldn8",7.82616312833,-2.01870784848733,0,0,0,0,0,0,0,0,0,0,0,0
"Cldn9",0,0,-2.08481449153,0,0,0,0,0,0,0,0,0,0,0
"Clic4",0,0,0,0,0,0,4.16445589938726,0,0,0,0,0,0,0
"Clk3",0,0,0,3.56401376708094,0,0,0,0,0,0,0,0,0,0
"Clp1",0,0,0,0,0,0,0,2.88384100677135,0,0,0,0,0,0
"Clvs1",0,0,0,0,0,0,0,0,0,0,0,-1.2863268876553,0,0
"Cmbl",0,0,0,0,0,0,0,5.05085572920282,0,0,0,0,0,0
"Cmpk2",0,0,0,0,15.9287714424658,0,0,0,0,0,0,0,0,0
"Cmtr1",0,0,0,0,2.78086050029633,0,0,0,0,0,0,0,0,0
"Cnn1",0,0,0,0,0,0,0,0,0,4.95347124865968,0,0,0,0
"Cnot8",0,0,0,3.33278371360982,0,0,0,0,0,0,0,0,0,0
"Cnp",0,0,0,0,2.96065675756878,0,0,0,0,0,0,0,0,0
"Cnr1",0,0,0,0,0,0,0,0,0,0,0,0,-1.45613759001507,0
"Col1a1",0,0,0,0,0,0,0,0,0,3.56608104235526,0,0,0,0
"Col4a1",0,0,0,0,0,0,0,0,0,6.33748957483242,0,0,0,0
"Col4a2",0,0,0,0,0,0,0,0,0,4.22126367783392,0,0,0,0
"Col5a1",0,0,0,0,0,0,0,0,0,5.22105124556953,0,0,0,0
"Commd6",0,0,0,0,0,0,0,0,-3.46243911328989,0,0,0,0,0
"Comp",0,0,0,0,0,0,0,0,0,9.89924996035517,0,0,0,0
"Comt",0,0,-3.05468575187,0,0,0,0,0,0,0,0,0,0,0
"Coq8a",0,0,0,0,0,0,0,0,-6.3882123748855,0,0,0,0,0
"Cp",0,0,0,0,0,0,0,0,0,0,0,0,0,-1.9644410489
"Cpa6",0,0,0,0,0,0,0,0,0,0,0,0,-2.56376825502185,0
"Cpvl",0,0,0,0,0,0,0,0,0,0,0,0,-4.0383857404609,0
"Cpxm1",0,0,0,0,0,0,0,0,-4.04203813670041,0,0,0,0,0
"Crbn",0,0,0,0,0,0,0,0,-6.89871723274358,0,0,0,0,0
"Creb3",0,0,0,0,0,0,0,0,0,0,2.59151589851817,0,0,0
"Creb3l4",0,0,0,0,0,0,0,0,-9.10265165349138,0,0,0,0,0
"Crebrf",0,0,0,0,0,0,0,0,-10.4460752741883,0,0,0,0,0
"Creg1",0,-2.11342444878467,0,0,0,0,0,0,0,0,0,0,0,0
"Cript",0,-2.04493786986832,0,0,0,0,0,0,0,0,0,0,0,0
"Crkl",0,0,0,2.55473421340676,0,0,0,0,0,0,0,0,0,0
"Crlf1",0,0,0,0,0,0,0,0,0,4.82529311181974,0,0,0,0
"Crot",4.35830672292,0,0,0,0,0,0,0,0,0,0,0,0,0
"Cryga",0,0,0,0,0,0,0,0,0,0,0,0.877588410904933,0,0
"Cryl1",0,0,0,0,0,0,0,0,-7.33302617907713,0,0,0,0,0
"Crym",0,0,0,0,0,0,0,0,0,0,0,0,3.46103326090118,0
"Csf2",0,0,0,0,0,0,5.90352627791306,0,0,0,8.35548063730208,0,0,0
"Csf3",0,0,0,0,0,0,4.9031843413131,0,0,0,6.3431403754269,0,0,0
"Csf3r",0,0,0,0,0,0,0,0,0,0,0,0,0,1.93231537539
"Csgalnact1",6.84603443294,0,0,0,0,0,0,0,0,0,0,0,0,0
"Csmd1",0,0,0,0,0,0,0,0,0,0,0,0,-1.35447220477316,0
"Csmd3",0,0,0,0,0,0,0,4.81260146300689,0,0,0,0,0,0
"Cst7",0,0,0,0,0,0,0,0,0,0,0,2.08453480085733,0,0
"Csta1",0,0,0,0,0,0,0,1.12575971296347,0,0,0,0,0,0
"Ctbp1",-2.89217188229,0,0,0,0,0,0,0,0,0,0,0,0,0
"Ctdsp1",0,0,0,0,0,0,0,0,-5.56756931753247,0,0,0,0,0
"Cthrc1",0,0,0,0,0,0,0,0,0,0,9.45956028211605,0,0,0
"Ctnna2",3.86912654352,0,0,0,0,0,0,0,0,0,0,0,0,0
"Ctnnd2",0,0,-3.55466409986,0,0,0,0,0,0,0,0,0,0,0
"Ctr9",0,0,4.82318209378,0,0,0,0,0,0,0,0,0,0,0
"Ctsf",0,0,0,0,0,0,0,0,-9.17214273519104,0,0,0,0,0
"Ctss",0,0,0,0,0,0,0,0,0,0,6.39753883417669,0,0,0
"Cxcl11",0,0,0,0,15.0076627193311,0,15.8343667974075,0,0,0,0,0,0,0
"Cxcl12",0,0,12.4776735289,0,0,0,0,0,0,0,0,0,0,0
"Cxcl5",0,0,0,0,0,0,8.72540142737151,0,0,0,10.5176140568733,0,0,0
"Cxcl9",0,0,0,0,10.7047451206469,0,0,0,0,0,0,0,0,0
"Cyfip2",0,0,0,0,0,0,0,7.06090455961486,0,0,0,0,0,0
"Cygb",0,0,0,0,0,0,0,3.20194683248846,0,0,0,0,0,0
"Cyld",0,0,0,0,0,0,2.77331423375652,0,0,0,2.87546365386172,0,0,0
"Cyp24a1",0,0,0,0,0,0,0,0,0,0,0,0,0,4.69230392105
"Cyp2j13",0,0,0,0,1.04678880015502,0,0,0,0,0,0,0,0,0
"Cyp2j9",0,0,0,0,1.04678880015502,0,0,0,0,0,0,0,0,0
"Cyp4f14",0,0,0,0,0,0,0,1.37981161802493,0,0,0,0,0,0
"Cyp4f15",0,0,0,0,0,0,0,1.37981161802493,0,0,0,0,0,0
"Cyp4f40",0,0,0,0,0,0,0,1.37981161802493,0,0,0,0,0,0
"Cysrt1",0,0,0,0,0,0,0,5.07643075873178,0,0,0,0,0,0
"Cytl1",0,0,0,0,0,0,0,0,-4.86544163639119,0,0,0,3.47832790139519,0
"D10Wsu102e",0,0,0,0,0,0,0,6.13180367928793,0,0,0,0,0,0
"Dact1",0,0,0,0,0,0,0,0,0,6.22087968552156,0,0,0,0
"Dapp1",0,0,0,0,0,0,2.77752418850872,0,0,0,0,0,0,0
"Dars",0,0,0,3.67081584418079,0,0,0,0,0,0,0,0,0,0
"Dazap2",0,0,0,0,0,-1.40779498255426,0,0,0,0,0,0,0,0
"Dcaf13",0,1.43423295705024,0,0,0,0,0,0,0,0,0,0,0,0
"Dcbld1",0,0,0,0,0,0,0,0,0,3.89901093078139,0,0,0,0
"Dcbld2",0,0,0,0,0,3.37151568478737,0,0,0,0,0,0,0,0
"Dchs2",0,0,0,0,0,0,0,0,0,0,0,0,-1.73174543158831,0
"Ddb2",0,0,0,0,0,0,0,8.18558326014517,0,0,0,0,0,0
"Ddx10",0,0,4.62695785919,0,0,0,0,0,0,0,0,0,0,0
"Ddx19a",0,0,0,0,0,0,0,0,0,0,0,-1.45625861322515,0,0
"Ddx42",0,0,0,0,0,0,0,0,0,0,0,-1.39883609570112,0,0
"Ddx58",0,0,0,0,12.9653782494159,0,0,0,0,0,0,0,0,0
"Ddx60",0,0,0,0,12.1982332094247,0,0,0,0,0,0,0,0,0
"Dennd5a",0,0,0,0,0,0,3.73806095098908,0,0,0,0,0,0,0
"Deptor",0,0,7.46377846634,0,0,0,0,0,0,0,0,0,0,0
"Derl3",0,0,0,0,0,0,0,0,-4.03367942481051,0,0,0,0,0
"Desi2",0,0,0,0,0,0,0,0,0,0,0,0,0,1.10426832494
"Dgka",0,0,0,0,0,0,0,5.3815056342531,0,0,0,0,0,0
"Dgke",0,0,0,0,0,0,0,0,0,0,0,0,1.54756144737829,0
"Dgki",0,0,0,0,0,0,0,0,0,2.24114361320707,0,0,0,0
"Dhcr24",6.84300840294,0,0,0,0,0,0,0,0,0,0,0,0,0
"Dhx58",0,0,0,0,4.9099421347871,0,0,0,0,0,0,0,0,0
"Dlx5",0,0,0,0,0,0,0,0,0,0,0,0,0,1.64452023135
"Dmbx1",0,0,0,0,0,0,0,0,0,0,0,1.20474693500154,0,0
"Dmrtc2",0,0,0,0,0,0,0,0,0,0,0,-1.48746499327238,0,0
"Dnajb8",0,0,0,0,0,0,0,0,0,0,0,-1.36639666486338,0,0
"Dnal4",0,0,0,0,0,0,0,0,-4.44586727498809,0,0,0,0,0
"Dnase2a",0,0,0,0,0,-1.82182041633701,0,0,0,0,0,0,0,0
"Dnase2b",3.01132858824,0,0,0,0,0,0,0,0,0,0,0,0,0
"Dnm1l",4.18867959332,0,0,0,0,0,0,0,0,0,0,0,0,0
"Dolk",0,0,0,-3.46417167159037,0,0,0,0,0,0,0,0,0,0
"Dqx1",0,0,0,0,0,0,0,4.38711610593762,0,0,0,0,0,0
"Dram1",0,0,0,0,0,0,9.5477003571551,0,0,0,10.7582523735317,0,0,0
"Draxin",0,0,0,0,0,0,0,6.01440524485263,0,0,0,0,0,0
"Dscam",0,0,4.14288012519,0,0,0,0,0,0,0,0,0,0,0
"Dspp",0,2.35038711269519,0,0,0,0,0,0,0,0,0,0,0,0
"Dtx2",0,0,0,0,0,0,2.39279988049635,0,0,0,2.93131972832495,0,0,0
"Dtx3l",0,0,0,0,8.35841869796418,0,0,0,0,0,0,0,0,0
"Duox2",0,0,0,0,1.79591539592432,0,0,0,0,0,0,0,0,0
"Dusp4",0,6.96717967147409,0,0,0,7.80481595969638,0,0,0,0,0,0,0,0
"Dusp5",0,7.94303950699731,0,0,0,7.92003014258316,0,0,0,0,0,0,0,0
"Dusp6",0,12.629312588446,0,0,0,16.8590158280176,0,0,0,0,0,0,0,0
"Dusp7",0,0,0,0,0,2.45250826338135,0,0,0,0,0,0,0,0
"Dync2li1",0,-1.43023860195831,0,0,0,0,0,0,0,0,0,0,0,0
"E2f3",0,0,0,0,0,2.03434847548691,0,0,0,0,0,0,0,0
"Eaf2",6.94490738852,0,0,0,0,0,0,0,0,0,0,0,0,0
"Eapp",0,-2.23989973033089,0,0,0,0,0,0,0,0,0,0,0,0
"Ear1",0,0,0,0,0,0,0,0,0,0,0,0,0,0.132838776687
"Ear10",0,0,0,0,0,0,0,0,0,0,0,0,0,0.132838776687
"Ear14",0,0,0,0,0,0,0,0,0,0,0,0,0,0.132838776687
"Ear2",0,0,0,0,0,0,0,0,0,0,0,0,0,0.132838776687
"Ear6",0,0,0,0,0,0,0,0,0,0,0,0,0,0.132838776687
"Ebi3",0,0,0,0,0,0,7.54618521006463,0,0,0,0,0,0,0
"Ech1",0,0,0,0,0,-2.28974208361921,0,0,0,0,0,0,0,0
"Eci2",2.13405111148,0,0,0,0,0,0,0,0,0,0,0,0,0
"Eci3",2.13405111148,0,0,0,0,0,0,0,0,0,0,0,0,0
"Eda2r",0,0,0,0,0,0,0,3.17913230269643,0,0,0,0,0,0
"Edn1",0,0,0,0,0,0,6.23005952133569,0,0,0,7.58562380277574,0,0,0
"Efhc1",0,-2.03460366013141,0,0,0,0,0,0,0,0,0,0,0,0
"Efna1",0,0,0,0,0,0,11.4332953920164,0,0,0,18.6311093849306,0,0,0
"Efna3",0,0,0,4.21174008937788,0,0,0,0,0,0,0,0,0,0
"Efnb1",0,0,0,0,0,0,0,2.86567899119345,0,0,0,0,0,0
"Efr3b",0,0,0,0,0,0,0,0,0,1.33434990216543,0,0,0,0
"Egln1",0,0,0,9.59445002166309,0,0,0,0,0,0,0,0,0,0
"Egln3",0,0,0,11.6557279211453,0,0,0,0,0,0,0,0,0,0
"Egr3",0,6.27141550111319,16.0776973153,0,0,0,0,0,0,0,0,0,0,0
"Egr4",0,2.95307638542232,0,0,0,0,0,0,0,0,0,0,0,0
"Ehd1",0,0,0,0,0,0,5.87160738429593,0,0,0,0,0,0,0
"Ei24",0,0,0,0,0,0,0,4.09203042424567,0,0,0,0,0,0
"Eif2ak2",0,0,0,0,5.72301632487512,0,0,0,0,0,0,0,0,0
"Elf2",0,-1.34292870001263,0,0,0,0,0,0,0,0,0,0,0,0
"Elf5",0,0,-3.21644433313,0,0,0,0,0,0,0,0,0,0,0
"Elk3",0,0,0,0,0,2.9961403928388,0,0,0,0,0,0,0,0
"Elk4",2.73317183336,0,0,0,0,0,0,0,0,0,0,0,0,0
"Ell2",6.5675774538,0,0,0,0,0,0,0,0,0,0,0,0,0
"Elovl2",0,0,8.69057624608,0,0,0,0,0,0,0,0,0,0,0
"Elovl7",0,0,0,0,0,0,8.79211575344344,0,0,0,0,0,0,0
"Endod1",6.51615227021,0,0,0,0,0,0,0,0,0,0,0,0,0
"Eno1",0,0,0,3.05193149369891,0,0,0,0,0,0,0,0,0,0
"Eno1b",0,0,0,3.05193149369891,0,0,0,0,0,0,0,0,0,0
"Eno2",0,0,0,14.3269398182242,0,0,0,0,0,0,0,0,0,0
"Epb41l5",0,0,-3.43451140317,0,0,0,0,0,0,0,0,0,0,0
"Epb42",0,0,0,0,0,0,0,0,0,0,0,0.925845779543307,0,0
"Epha2",0,5.41118410206543,0,0,0,6.31401244666076,0,0,0,0,0,0,0,0
"Epha3",0,0,0,0,0,0,0,0,0,0,0,0,-4.43408560858063,0
"Epn2",0,0,0,0,0,0,0,0,0,0,0,0,10.7661902184329,0
"Eps15l1",0,0,3.14164436919,0,0,0,0,0,0,0,0,0,0,0
"Epsti1",0,0,0,0,12.0816176416244,0,0,0,0,0,0,0,0,0
"Erbb3",0,0,-4.88074044723,0,0,0,0,0,0,0,0,0,0,0
"Ero1l",0,0,0,9.69819818780012,0,0,0,0,0,0,0,0,0,0
"Esr1",0,0,-1.30445244618,0,0,0,0,0,0,0,0,0,0,0
"Etfdh",0,-1.66845875498315,0,0,0,0,0,0,0,0,0,0,0,0
"Ethe1",0,0,0,0,0,0,0,0,-4.93663021602244,0,0,0,0,0
"Ets1",0,0,0,0,0,0,0,0,0,0,4.59117093435463,0,0,0
"Etv1",0,0,0,0,0,3.56346478875676,0,0,0,0,0,0,0,0
"Etv4",0,0,0,0,0,5.29378397860542,0,0,0,0,0,0,0,0
"Etv5",0,0,0,0,0,5.98870960594422,0,0,0,0,0,0,0,0
"Eya4",0,0,0,0,0,0,0,0,0,0,0,0,0,1.39326162198
"F5",6.087825897,0,0,0,0,0,0,0,0,0,0,0,0,0
"Faap24",0,0,0,0,0,0,0,0,0,0,0,-1.37324641370439,0,0
"Fam102a",0,0,5.76083870514,0,0,0,0,0,0,0,0,0,0,0
"Fam13a",0,0,0,5.09417982046476,0,0,0,0,0,0,0,0,0,0
"Fam13c",0,0,0,0,0,0,0,4.31497453386035,0,0,0,0,0,0
"Fam149a",0,0,0,0,0,0,0,0,-3.46667879878907,0,0,0,0,0
"Fam149b",0,0,0,0,0,-1.34234232250798,0,0,0,0,0,0,0,0
"Fam162a",0,0,0,8.33555155151556,0,0,0,0,0,0,0,0,0,0
"Fas",0,0,0,0,0,0,0,12.0306013823747,0,0,0,0,0,0
"Fasl",0,0,0,0,0,0,0,0,0,0,0,0,0,-1.44349654904
"Fat1",0,0,0,0,0,0,0,0,0,0,0,0,-5.1053841819177,0
"Fbln5",0,0,0,0,0,0,0,0,0,4.92248525622834,0,0,0,0
"Fbxo22",0,0,0,0,0,0,0,3.69252600162702,0,0,0,0,0,0
"Fbxo25",0,0,0,0,0,0,0,0,-7.03302973444092,0,0,0,0,0
"Fbxo42",0,0,0,2.25722873294703,0,0,0,0,0,0,0,0,0,0
"Fbxw7",0,0,0,0,0,0,0,4.28328558233132,0,0,0,0,0,0
"Fcgrt",0,0,0,0,0,0,0,0,-6.17024340583968,0,0,0,0,0
"Fcmr",0,0,4.12434983443,0,0,0,0,0,-4.92688011408367,0,0,0,0,0
"Fermt1",0,0,0,0,0,2.33370465546028,0,0,0,0,0,0,0,0
"Fgd2",0,0,0,0,0,0,0,0,0,0,0,0,0,1.63117929701
"Fgf20",0,0,0,0,0,0,0,0,0,0,0,0,0,-2.0880306196
"Fgf3",0,0,0,0,0,0,0,0,0,0,0,0,0,-1.75149878034
"Fgfr1op",0,0,2.46840962977,0,0,0,0,0,0,0,0,0,0,0
"Fhit",0,0,0,0,0,0,0,0,-4.61516694668944,0,0,0,0,0
"Fkbp4",0,0,8.25832988113,0,0,0,0,0,0,0,0,0,0,0
"Flad1",0,0,0,-3.29421662191825,0,0,0,0,0,0,0,0,0,0
"Flcn",0,0,0,0,0,0,0,0,0,0,0,1.59343944823718,0,0
"Fmnl1",0,0,0,0,0,0,0,0,0,0,0,1.25681134889757,0,0
"Fmo5",0,0,0,0,0,-1.49724165656977,0,0,0,0,0,0,0,0
"Fosl1",0,7.64782979533842,0,0,0,9.00052230863295,0,0,0,0,0,0,0,0
"Foxf1",0,0,0,0,0,0,0,0,0,0,0,0,0,-1.92842044692
"Foxj2",0,0,0,0,0,0,0,0,0,0,0,0,0,1.31222701553
"Foxn3",0,-1.67954301259901,0,0,0,0,0,0,0,0,0,0,0,0
"Foxo4",0,0,0,0,0,0,0,0,0,0,0,0,0,-1.43937669276
"Frk",4.70024893522,0,4.90037712333,0,0,0,0,0,0,0,0,0,0,0
"Frmpd1",0,0,0,0,0,0,0,0,0,0,0,-2.23461424298725,0,0
"Frmpd4",0,0,0,0,0,0,0,0,0,-1.21922157781658,0,0,0,0
"Fstl3",0,0,0,0,0,0,0,0,0,6.80735910341726,0,0,0,0
"Fut11",0,0,0,11.1705821641625,0,0,0,0,0,0,0,0,0,0
"Fut8",-4.40595359044,0,0,0,0,0,0,0,0,0,0,0,0,0
"Fzd5",4.68661955181,0,0,0,0,0,0,0,0,0,0,0,0,0
"Gaa",0,0,0,0,0,0,0,0,-5.36778410442264,0,0,0,0,0
"Gabarap",0,0,0,0,0,-2.96166378554828,0,0,0,0,0,0,0,0
"Gabarapl1",0,-2.95964345352502,0,0,0,0,0,0,0,0,0,0,0,0
"Gadl1",0,0,0,0,0,0,0,0,0,0,0,-1.18316321429431,0,0
"Gal",0,2.16277575187849,0,0,0,0,0,0,0,0,0,0,0,0
"Galnt10",0,0,0,0,0,0,0,0,0,3.04707707267676,0,0,0,0
"Gapdh",0,0,0,5.04655254386716,0,0,0,0,0,0,0,0,0,0
"Garem2",0,0,0,0,0,0,0,0,-4.09273889946688,0,0,0,0,0
"Gata3",0,0,-6.00468746718,0,0,0,0,0,0,0,0,0,0,0
"Gatad2a",0,0,0,0,0,1.3592381882946,0,0,0,0,0,0,0,0
"Gatc",0,0,0,0,0,0,0,0,0,0,0,-1.36296697672721,0,0
"Gbe1",0,0,0,9.71149934428704,0,0,0,0,0,0,0,0,0,0
"Gcg",-2.17133592689,0,0,0,0,0,0,0,0,0,0,0,0,0
"Gch1",0,0,0,0,0,0,14.0260436644797,0,0,0,0,0,0,0
"Gcsam",0,0,0,0,0,0,0,0,0,0,0,1.58917045218895,0,0
"Gdf15",0,0,0,0,0,0,0,9.77398168384019,0,0,0,0,0,0
"Gdf5",0,0,0,0,0,0,0,0,0,-1.93955948584584,0,0,0,0
"Gdf9",0,0,0,0,0,0,0,3.35574134398277,0,0,0,0,0,0
"Gemin8",0,0,0,0,0,0,0,0,-4.13317735972695,0,0,0,0,0
"Gfra2",0,0,0,0,0,0,0,0,0,0,0,0,0,1.36711872351
"Git1",0,0,0,0,0,0,0,0,-3.08611680618319,0,0,0,0,0
"Gla",0,0,8.44185876447,0,0,0,0,0,0,0,0,0,0,0
"Glipr1l1",0,0,0,0,0,0,0,0,0,0,0,0.581112086469389,0,0
"Glipr1l3",0,0,0,0,0,0,0,0,0,0,0,0.581112086469389,0,0
"Gls2",0,0,0,0,0,0,0,6.45246488467629,0,0,0,0,0,0
"Gmpr",0,0,0,0,3.56016284449208,0,0,0,0,0,0,0,0,0
"Gnao1",0,0,0,0,0,0,0,0,0,0,0,0,0,-0.915037841756
"Gng11",0,0,0,0,0,0,0,0,0,0,0,0,0,2.09852650379
"Gnl3l",0,0,0,0,0,0,0,0,0,0,0,-2.05913973383355,0,0
"Gnmt",5.67263863695,0,0,0,0,0,0,0,0,0,0,0,0,0
"Gnptg",0,0,0,0,0,0,0,0,-6.96660957448126,0,0,0,0,0
"Golph3l",0,-2.7415248706061,0,0,0,0,0,0,0,0,0,0,0,0
"Gopc",0,0,0,0,0,0,0,0,0,2.85451760841286,0,0,0,0
"Gp5",0,0,0,0,0,0,0,0,0,0,0,0,-1.59192643405096,0
"Gpi1",0,0,0,8.54958022018638,0,0,0,0,0,0,0,0,0,0
"Gpr176",0,0,0,0,0,0,0,0,0,0,3.01218627261636,0,0,0
"Gpr18",0,0,0,0,0,0,0,0,0,0,0,3.24080482584031,0,0
"Gpr22",0,0,0,0,0,0,0,0,0,0,0,0,0,-1.02298721746
"Gpr3",0,0,0,0,0,1.63082925966816,0,0,0,0,0,0,0,0
"Gpr63",-3.22759309882,0,0,0,0,0,0,0,0,0,0,0,0,0
"Gpr68",0,0,0,0,0,0,0,0,0,0,0,0,2.15720693695108,0
"Gpr75",0,1.03703951529263,0,0,0,0,0,0,0,0,0,0,0,0
"Gpr87",0,0,0,0,0,0,0,10.8361217599775,0,0,0,0,0,0
"Gpx2",0,0,0,0,0,0,0,0,0,0,0,1.83382481059606,0,0
"Gramd1c",0,-2.79709199268972,0,0,0,0,0,0,0,0,0,0,0,0
"Greb1",5.56495649091,0,17.2401728397,0,0,0,0,0,0,0,0,0,0,0
"Grhl2",4.29572486397,0,0,0,0,0,0,0,0,0,0,0,0,0
"Grhl3",0,0,0,0,0,0,0,8.21231017387999,0,0,0,0,0,0
"Gria3",0,0,0,0,0,0,0,0,0,1.08681263152832,0,0,0,0
"Grik1",-1.64651345517,0,0,0,0,0,0,0,0,0,0,0,0,0
"Grin2c",0,0,0,0,0,0,0,1.83935980581783,0,0,0,0,0,0
"Grip1",0,0,0,0,0,0,0,0,0,0,0,0,-1.61752794014123,0
"Grip2",0,0,0,0,0,0,0,2.52761146451273,0,0,0,0,0,0
"Grpel1",0,0,0,0,0,2.66946875266487,0,0,0,0,0,0,0,0
"Gsap",0,0,0,0,0,0,0,0,0,0,4.86816241367859,0,0,0
"Gtpbp4",0,0,0,0,0,3.05336270776193,0,0,0,0,0,0,0,0
"Gucy2c",0,0,0,0,0,0,0,0,0,0,0,0.934853258555989,0,0
"Gusb",0,0,0,0,0,0,0,0,-2.81989762250987,0,0,0,0,0
"Gys1",0,0,0,4.92286334387743,0,0,0,0,0,0,0,0,0,0
"H2-Ke6",0,0,0,0,0,0,0,0,-8.60157067564918,0,0,0,0,0
"Hacd4",0,0,0,0,0,0,0,0,0,0,0,0,-3.76231391977954,0
"Hace1",0,-2.48946187528862,0,0,0,0,0,0,0,0,0,0,0,0
"Has3",0,2.92373776511949,0,0,0,0,0,0,0,0,0,0,0,0
"Hdac7",0,0,-2.03748800346,0,0,0,0,0,0,0,0,0,0,0
"Hecw1",0,0,0,0,0,0,0,0,0,0,0,0,-1.35347270804291,0
"Helz2",0,0,0,0,4.76215188440194,0,0,0,0,0,0,0,0,0
"Herc6",0,0,0,0,8.7696758787049,0,0,0,0,0,0,0,0,0
"Hey2",0,0,11.4823694969,0,0,0,0,0,0,0,0,0,0,0
"Hilpda",0,0,0,16.7071235476463,0,0,0,0,0,0,0,0,0,0
"Hira",0,0,0,0,0,0,0,0,0,0,0,0,0,1.72585140096
"Hivep1",0,0,0,0,0,0,3.99971488002502,0,0,0,0,0,0,0
"Hivep2",0,0,0,0,0,0,3.95142664410617,0,0,0,0,0,0,0
"Hmga1",0,0,0,0,0,1.43435284115449,0,0,0,0,0,0,0,0
"Hmga1b",0,0,0,0,0,1.43435284115449,0,0,0,0,0,0,0,0
"Hmgcl",0,0,0,0,0,0,0,0,-6.52340659404978,0,0,0,0,0
"Hmox2",0,1.71963797256777,0,0,0,0,0,0,0,0,0,0,0,0
"Hnrnph1",0,0,0,0,0,0,0,0,0,0,0,-1.34862578017132,0,0
"Hoxb3",0,0,0,0,0,0,0,0,0,0,0,0,0,1.15163784334
"Hoxb5",0,0,0,0,0,0,0,0,0,0,0,0,0,1.13995823557
"Hoxc13",-3.63425580489,0,0,0,0,0,0,0,0,0,0,0,0,0
"Hoxc6",0,-2.42699297906554,0,0,0,0,0,0,0,0,0,0,0,0
"Hoxd10",0,0,0,0,0,0,0,0,0,0,0,0,-1.82701963282543,0
"Hsbp1l1",0,0,0,0,0,0,0,0,-6.8931569144425,0,0,0,0,0
"Hsd17b6",0,0,0,0,0,0,0,0,0,4.78252728727728,0,0,0,0
"Htr1f",0,0,0,0,0,0,0,0,0,0,0,-1.43670826425636,-2.23645979302208,0
"Hunk",0,0,0,0,0,0,0,0,0,0,0,0,0,-0.818259121568
"Hvcn1",0,0,0,0,0,0,0,0,0,0,0,2.1822532622856,0,0
"Icam1",0,0,0,0,0,0,18.3693852641061,0,0,0,22.0393407198016,0,0,0
"Id1",0,0,0,0,0,0,0,0,0,12.3542876610615,0,0,0,0
"Id3",0,0,0,0,0,0,0,0,0,10.481113198179,0,0,0,0
"Id4",0,0,0,0,0,0,0,0,0,4.16990135012905,0,0,0,0
"Ifi35",0,0,0,0,10.5985356820645,0,0,0,0,0,0,0,0,0
"Ifi44",0,0,0,0,12.4508625272125,0,0,0,0,0,0,0,0,0
"Ifi44l",0,0,0,0,18.8671558887454,0,0,0,0,0,0,0,0,0
"Ifih1",0,0,0,0,8.34769265175166,0,6.04203644390954,0,0,0,0,0,0,0
"Ifit2",0,0,0,0,16.1871460351994,0,0,0,0,0,0,0,0,0
"Ifit3",0,0,0,0,10.2961532800694,0,0,0,0,0,0,0,0,0
"Ifit3b",0,0,0,0,10.2961532800694,0,0,0,0,0,0,0,0,0
"Ifnar2",0,0,0,0,0,0,4.68331898329886,0,0,0,7.58070068614032,0,0,0
"Ifngr1",0,0,0,0,0,0,0,0,0,0,4.14651940455902,0,0,0
"Ifngr2",0,0,0,0,0,0,6.02200972475387,0,0,0,7.37778887147541,0,0,0
"Ifnlr1",0,0,0,0,0,0,0,0,0,0,0,1.71424730315627,0,0
"Igf1",2.68011765402,0,0,0,0,0,0,0,0,0,0,0,0,1.35948123623
"Igf1r",5.01152202997,0,0,0,0,0,0,0,0,0,0,0,0,0
"Igfbp1",0,0,0,0,0,0,0,0,0,0,0,0,0,1.48422826766
"Igfbp4",0,0,11.6514913965,0,0,0,0,0,0,0,0,0,0,0
"Ikbip",0,0,0,0,0,0,0,7.33031293543692,0,0,0,0,0,0
"Ikbke",0,0,0,0,0,0,3.3411268875817,0,0,0,3.77316318124465,0,0,0
"Ikzf3",0,0,0,0,0,0,0,0,0,0,0,0,-1.60694787639927,0
"Il11",0,0,0,0,0,0,0,0,0,6.3308961562903,0,0,0,0
"Il12rb1",0,0,0,0,0,0,0,0,0,0,0,0,0,0.839411846655
"Il15",0,0,0,0,4.2426394180329,0,5.14656809221536,0,0,0,5.50710022230726,0,0,0
"Il17rb",0,0,11.4189859122,0,0,0,0,0,0,0,0,0,0,0
"Il18bp",0,0,0,0,1.49457681954947,0,0,0,0,0,0,0,0,0
"Il1a",0,0,0,0,0,0,8.11129097221699,0,0,0,0,0,0,0
"Il1b",0,0,0,0,0,0,21.6559293107342,0,0,0,0,0,0,0
"Il1f6",0,0,0,0,0,0,0,0,0,0,0,0,0,-0.80629439472
"Il1f9",0,0,0,0,0,0,9.82640555786125,0,0,0,13.4251743244498,0,0,0
"Il1r1",0,0,-6.86624961006,0,0,0,0,0,0,0,0,0,0,0
"Il1rl1",0,0,0,0,0,0,0,0,0,0,0,0,0,2.08077074582
"Il1rn",0,0,0,0,0,0,5.15157965968566,0,0,0,4.75429798599401,0,0,0
"Il21r",0,0,0,0,0,0,0,0,0,0,0,0,2.54369361167438,0
"Il22ra1",0,0,0,0,1.82061694158941,0,0,0,0,0,0,0,0,0
"Il23a",0,0,0,0,0,0,2.07290492359488,0,0,0,0,0,0,0
"Il6",0,0,0,0,0,0,21.770635436392,0,0,0,19.7035733279822,0,0,0
"Il7r",0,0,0,0,0,0,8.81331233527089,0,0,0,0,0,0,0
"Immp2l",0,0,0,0,0,0,0,0,0,0,0,0,-2.01199922020731,0
"Ing4",0,0,0,0,0,0,0,0,-7.70011807552868,0,0,0,0,0
"Inhba",0,0,0,0,0,0,12.4675936569889,0,0,0,15.5631986771982,0,0,0
"Ino80c",0,0,0,0,0,0,0,0,4.10821747861681,0,0,0,0,0
"Inpp1",0,0,0,0,0,0,0,7.48807583582186,0,0,0,0,0,0
"Inpp5d",0,0,0,0,0,0,0,3.12450758341477,0,0,0,0,0,0
"Inpp5k",0,0,0,0,0,0,0,0,-4.53009815299132,0,0,0,0,0
"Insig2",0,0,0,13.5621938432104,0,0,0,0,0,0,0,0,0,0
"Iqgap2",5.12448342846,0,0,0,0,0,0,0,0,0,0,0,0,0
"Irak2",0,0,0,0,0,0,5.34339161268539,0,0,0,4.6053085713551,0,0,0
"Irf1",0,0,0,0,0,0,12.6980091248709,0,0,0,15.6507267043495,0,0,0
"Irf7",0,0,0,0,8.06937432090483,0,0,0,0,0,0,0,0,0
"Irf9",0,0,0,0,7.52658418893156,0,0,0,0,0,0,0,0,0
"Irs1",0,0,0,0,0,0,0,0,0,0,0,0,0,3.18782977995
"Iscu",0,0,0,0,0,0,0,5.51234995398229,0,0,0,0,0,0
"Isg15",0,0,0,0,20.0390335250618,0,0,0,0,0,0,0,0,0
"Islr2",0,0,0,0,0,0,0,0,0,2.46806008759771,0,0,0,0
"Itga11",0,0,0,0,0,0,0,0,0,3.39269756527187,0,0,0,0
"Itgb7",0,0,0,0,0,0,0,0,0,0,0,0,0,1.36135777708
"Jak2",0,0,0,0,2.68496840091687,0,0,0,0,0,0,0,0,0
"Jchain",0,0,0,0,0,0,0,0,0,0,0,0,-3.34799501276244,0
"Kank3",0,0,0,0,0,0,0,2.90543979717519,0,0,0,0,0,0
"Kcna5",0,0,0,0,0,0,0,0,0,0,0,1.48005006589551,0,0
"Kcnab3",0,0,0,0,0,0,0,0,0,0,0,-0.951733669534874,0,0
"Kcnf1",0,1.57587573013671,0,0,0,0,0,0,0,0,0,0,0,0
"Kcnj10",0,0,0,0,0,0,0,0,0,0,0,0,0,-1.43276659141
"Kcnj3",0,0,-2.98207081773,0,0,0,0,0,0,0,0,0,0,0
"Kcnj5",0,0,0,0,0,0,0,0,0,0,0,0,0,-0.970656340025
"Kcnk10",0,0,0,0,0,0,0,0,0,0,0,0,2.88330636393117,0
"Kcnk5",0,0,4.65682787894,0,0,0,0,0,0,0,0,0,0,0
"Kcnma1",3.54241990608,0,0,0,0,0,0,0,0,0,0,0,0,0
"Kcnn2",9.4731988889,0,0,0,0,0,0,0,0,0,0,0,0,0
"Kctd11",0,0,0,0,0,0,0,0,0,6.18922961699749,0,0,0,0
"Kctd5",0,0,0,0,0,1.63139209137689,0,0,0,0,0,0,0,0
"Kdm3a",0,0,0,10.8507527439767,0,0,0,0,0,0,0,0,0,0
"Kdm4b",0,0,0,3.65020932258217,0,0,0,0,0,0,0,0,0,0
"Kdm4c",0,0,0,2.25815096166763,0,0,0,0,0,0,0,0,0,0
"Kif12",0,0,0,0,0,0,0,0,0,0,0,1.18964195435317,0,0
"Kif26a",0,0,0,0,0,0,0,0,0,0,0,0,-2.10745048885752,0
"Kif26b",0,0,0,0,0,0,0,0,0,0,0,0,0,1.36180050783
"Kirrel3",0,0,0,0,0,0,0,0,0,2.54238555956343,0,0,0,0
"Klf15",2.83253408437,0,0,0,0,0,0,0,0,0,0,0,0,0
"Klhdc2",0,-3.59392965455908,0,0,0,0,0,0,0,0,0,0,0,0
"Klhdc7a",0,0,0,0,0,0,0,4.56627460909572,0,0,0,0,0,0
"Klhl14",0,0,0,0,0,0,0,0,0,0,0,-1.7627600009602,0,0
"Klhl24",0,0,0,0,0,0,0,0,-9.9284784670516,0,0,0,0,0
"Klhl4",0,0,0,0,0,0,0,0,0,0,0,0,0,1.54051285835
"Klk10",0,0,0,0,0,0,0,0,0,0,0,0,0,2.00418100752
"Kmo",0,0,0,0,0,0,3.97423506454669,0,0,0,0,0,0,0
"Kmt5a",0,0,0,0,0,1.74097481250001,0,0,0,0,0,0,0,0
"Krr1",0,0,0,0,0,1.46170719355327,0,0,0,0,0,0,0,0
"Krt23",0,0,0,0,0,0,0,0,0,0,0,0,0,4.12161155069
"Krt35",0,0,0,0,0,0,0,0,0,0,0,1.08224727064896,0,0
"Kynu",0,0,0,0,0,0,6.40446360557511,0,0,0,0,0,0,0
"Lamb2",0,0,0,0,0,-2.39287963748878,0,0,0,0,0,0,0,0
"Lamc2",0,3.92011572340227,0,0,0,0,0,0,0,0,0,0,0,0
"Lap3",0,0,0,0,7.38495886733531,0,0,0,0,0,0,0,0,0
"Larp7",0,-0.91707745578243,0,0,0,0,0,0,0,0,0,0,0,0
"Lca5l",0,0,0,0,0,0,0,0,0,0,0,1.25931104307433,0,0
"Lcn11",0,0,0,0,0,0,0,0,-3.80322755378366,0,0,0,0,0
"Ldlr",0,0,0,0,0,3.07391098575529,0,0,0,0,0,0,0,0
"Lect2",0,0,0,0,0,0,0,0,0,2.90895137074028,0,0,0,0
"Lgals3bp",0,0,0,0,3.58913970734262,0,0,0,0,0,0,0,0,0
"Lgals9",0,0,0,0,0,0,0,0,0,0,0,0,0,0.981538986418
"Lifr",8.6125146918,0,0,0,0,0,0,0,0,0,0,0,0,0
"Lim2",0,0,0,0,0,0,0,0,0,0,0,1.12315143576669,0,0
"Lims2",0,0,0,0,0,0,0,0,0,2.27494674124209,0,0,0,0
"Lipc",0,0,0,0,0,0,0,0,0,0,0,0,-2.30505695768852,0
"Lipg",0,3.61106578296836,0,0,0,0,0,0,0,0,0,0,0,0
"Lmcd1",0,0,0,0,0,0,0,0,0,5.67528152626637,0,0,0,0
"Lmo2",0,0,0,0,0,0,0,0,0,0,0,0,3.65174298925834,0
"Lox",0,0,0,7.46120781623727,0,0,0,0,0,0,0,0,0,0
"Loxl2",0,0,0,4.60876786659785,0,0,0,0,0,0,0,0,0,0
"Lpar1",0,0,0,0,0,0,0,0,0,0,0,0,0,2.01286029824
"Lpar2",0,0,0,0,0,0,0,0,0,0,0,0,0,1.26399445256
"Lpar3",5.84827847574,0,0,0,0,0,0,0,0,0,0,0,0,0
"Lrig1",6.62607205612,0,0,0,0,0,0,0,0,0,0,0,0,0
"Lrmp",0,0,0,0,0,0,0,0,0,0,0,0,-3.31230507011548,0
"Lrp8",0,0,0,0,0,4.51300427600781,0,0,0,0,0,0,0,0
"Lrrc15",0,0,0,0,0,0,0,0,0,2.30459515444772,0,0,0,0
"Lrrc23",0,0,0,0,0,0,0,0,-3.29325311046509,0,0,0,0,0
"Lrrc31",-5.18102258915,0,0,0,0,0,0,0,0,0,0,0,0,0
"Lrrc32",0,0,0,0,0,0,0,0,0,5.29359563139494,0,0,0,0
"Lrrfip2",4.14418717192,0,0,0,0,0,0,0,0,0,0,0,0,0
"Lrrn4cl",0,0,0,0,0,0,0,0,0,-3.78451512652799,0,0,0,0
"Lsm12",0,0,0,0,0,0,0,0,0,0,0,-1.97877031562439,0,0
"Ltb",0,0,0,0,0,0,3.18756879176983,0,0,0,4.82731163146672,0,0,0
"Ltbp2",0,0,0,0,0,0,0,0,0,4.37279393479639,0,0,0,0
"Ly86",0,0,0,0,0,0,0,0,0,0,0,0,0,1.59625220102
"Lztfl1",0,-1.87387692925296,0,0,0,0,0,0,0,0,0,0,0,0
"Maf",5.86387138398,0,0,0,0,0,0,0,0,0,0,0,0,0
"Mak",5.31367285271,0,0,0,0,0,0,0,0,0,0,0,0,0
"Malt1",6.66978209415,0,0,0,0,0,0,0,0,0,0,0,0,0
"Man2b2",0,0,0,0,0,-1.91760613723522,0,0,0,0,0,0,0,0
"Manea",-4.00414637037,0,0,0,0,0,0,0,0,0,0,0,0,0
"Map1b",0,0,0,0,0,0,0,0,7.02369305434539,0,0,0,0,0
"Map3k8",0,0,0,0,0,0,7.39920536474448,0,0,0,0,0,0,0
"Mapk7",0,0,0,2.63190452108407,0,0,0,0,0,0,0,0,0,0
"Marcks",0,0,0,0,0,0,4.76137308887682,0,0,0,0,0,0,0
"Mboat2",10.4727329721,0,0,0,0,0,0,0,0,0,0,0,0,0
"Mbtps1",0,-1.40660137547869,0,0,0,0,0,0,0,0,0,0,0,0
"Mccc1",0,-2.17032352979398,0,0,0,-1.92267632737533,0,0,0,0,0,0,0,0
"Mccc2",2.80800480204,0,0,0,0,0,0,0,0,0,0,-1.57682661358767,0,0
"Mcl1",0,0,0,0,0,3.01286499570434,0,0,0,0,0,0,0,0
"Mcmbp",0,0,0,0,0,1.88755073514293,0,0,0,0,0,0,0,0
"Mdfi",0,1.16010907259944,0,0,0,0,0,0,0,0,0,0,0,0
"Mdm2",0,0,0,0,0,0,0,8.1934882691823,0,0,0,0,0,0
"Med12l",0,0,0,0,0,0,0,0,0,0,0,1.35540999047957,0,0
"Med13l",0,0,3.83741058189,0,0,0,0,0,0,0,0,0,0,0
"Med18",0,0,0,0,0,0,0,0,0,0,0,-1.83897964421725,0,0
"Mex3b",0,0,0,0,0,0,0,0,0,3.97829237025429,0,0,0,0
"Mfap4",0,0,0,0,0,0,0,0,0,5.81303850112824,0,0,0,0
"Mfge8",0,0,0,0,0,0,0,0,-5.90153045494985,0,0,0,0,0
"Mfsd8",0,0,0,0,0,0,0,0,0,0,0,0,3.20567288114981,0
"Mgst3",0,0,0,0,0,-1.45283168172918,0,0,0,0,0,0,0,0
"Mia",0,0,0,0,0,0,0,0,-3.123257044219,0,0,0,0,0
"Mier2",0,0,0,0,0,0.956640357357573,0,0,0,0,0,0,0,0
"Mir100",0,0,0,0,0,0,0,0,0,0,0,0,12.1922362746575,0
"Mir125b-1",0,0,0,0,0,0,0,0,0,0,0,0,6.60399663645945,0
"Mir181b-2",0,0,0,0,0,0,0,0,0,3.29414964288432,0,0,0,0
"Mir199a-1",0,0,0,0,0,0,0,0,0,0,0,0,10.2447973326045,0
"Mir222",0,0,0,0,0,0,0,0,0,0,0,0,29.4176978497748,0
"Mir29a",0,0,0,0,0,0,0,0,0,0,0,0,31.1425219527755,0
"Mir29b-1",0,0,0,0,0,0,0,0,0,0,0,0,8.04489259595167,0
"Mir31",0,0,0,0,0,0,0,0,0,0,0,0,18.7543417590745,0
"Mir34a",0,0,0,0,0,0,0,11.1905931461047,0,0,0,0,0,0
"Misp",0,0,-4.33416825574,0,0,0,0,0,0,0,0,0,0,0
"Mlana",0,0,0,0,0,0,0,0,-9.98574293200138,0,0,0,0,0
"Mlkl",0,0,0,0,5.45221129927214,0,0,0,0,0,0,0,0,0
"Mmp12",0,0,0,0,0,0,0,0,0,0,6.47701710876828,0,0,0
"Mmp13",0,0,0,0,0,0,0,0,0,0,7.10575903301674,0,0,0
"Mmp1a",0,0,0,0,0,4.25958388599275,0,0,0,0,0,0,0,0
"Mmp1b",0,0,0,0,0,4.25958388599275,0,0,0,0,0,0,0,0
"Mmp9",0,0,0,0,0,0,0,0,0,0,12.5887577301903,0,0,0
"Mon2",0,0,0,0,0,0,0,2.30947627992802,0,0,0,0,0,0
"Mpc2",5.88831328709,0,0,0,0,0,0,0,0,0,0,0,0,0
"Mphosph9",5.10619862739,0,0,0,0,0,0,0,0,0,0,0,0,0
"Mpi",0,0,0,3.50216530924174,0,0,0,0,0,0,0,0,0,0
"Mpp6",0,0,0,0,0,2.24262157537091,0,0,0,0,0,0,0,0
"Mpped2",0,0,3.91502173549,0,0,0,0,0,0,0,0,0,0,0
"Mr1",0,0,0,0,0,0,0,5.31974274567462,0,0,0,0,0,0
"Mras",0,0,0,0,0,0,0,0,0,5.2019665810873,0,0,0,0
"Mroh6",0,0,0,0,0,0,0,0,-4.41899557925087,0,0,0,0,0
"Mrpl10",0,0,0,0,0,0,0,0,-4.87165425024191,0,0,0,0,0
"Mrps18a",3.92493588807,0,0,0,0,0,0,0,0,0,0,0,0,0
"Ms4a1",0,0,0,0,0,0,0,0,0,0,0,1.47937007178223,0,0
"Ms4a5",0,0,0,0,0,0,0,0,0,0,0,0.947757768078296,0,0
"Msc",0,0,0,0,0,0,6.35920655303276,0,0,0,0,0,0,0
"Msh3",0,0,0,0,0,0,0,0,0,0,0,0,0,0.863448783565
"Msi1",0,0,0,0,0,0,0,0,0,0,0,0,0,1.00152333996
"Msmb",0,0,4.54908081939,0,0,0,0,0,0,0,0,0,0,0
"Msr1",0,0,0,0,0,0,0,0,0,-1.7648382018898,0,0,0,0
"Mst1",0,0,0,0,0,0,0,0,-4.98688563560501,0,0,0,0,0
"Msx1",0,0,0,0,0,0,0,0,0,0,0,0,0,4.13090389196
"Msx2",0,0,0,0,0,0,0,0,0,0,0,0,0,1.56657068981
"Mtmr9",6.13064559946,0,0,0,0,0,0,0,0,0,0,0,0,0
"Mx1",0,0,0,0,9.69206563324672,0,0,0,0,0,0,0,0,0
"Mx2",0,0,0,0,9.69206563324672,0,0,0,0,0,0,0,0,0
"Mxi1",0,0,0,10.8609214546429,0,0,0,0,0,0,0,0,0,0
"Myb",0,0,9.4277805658,0,0,0,0,0,0,0,0,0,0,0
"Mybpc1",4.60857869284,0,0,0,0,0,0,0,0,0,0,0,0,0
"Myd88",0,0,0,0,4.30443072295005,0,0,0,0,0,0,0,0,0
"Myef2",0,0,0,0,0,0,0,0,0,0,0,0,-2.36864642954137,0
"Myh14",0,0,-2.13654612134,0,0,0,0,0,0,0,0,0,0,0
"Mynn",-2.91880437202,0,0,0,0,0,0,0,0,0,0,0,0,0
"Myo1a",0,0.994778119514043,0,0,0,0,0,0,0,0,0,0,0,0
"Myo1b",0,0,-5.4741888205,0,0,0,0,0,0,0,0,0,0,0
"Myo3a",0,0,0,0,0,0,0,0,0,0,0,0,-1.95217804207498,0
"Myoc",0,0,0,0,0,0,0,0,0,0,0,1.00194709618001,0,0
"Myoz1",0,0,0,0,0,0,0,0,0,4.96247484951778,0,0,0,0
"Mzb1",0,0,0,0,0,0,0,0,0,0,0,0,-1.70130741236217,0
"N4bp2l2",0,-1.59401464603044,0,0,0,0,0,0,0,0,0,0,0,0
"Nadsyn1",0,0,0,0,0,0,0,3.83691258033224,0,0,0,0,0,0
"Nap1l4",0,0,0,0,0,0,0,0,0,0,0,-0.959866097193273,0,0
"Narf",0,0,0,4.09514912532848,0,0,0,0,0,0,0,0,0,0
"Nbr1",0,-1.99720336416486,0,0,0,0,0,0,0,0,0,0,0,0
"Ncam1",0,0,0,0,0,0,0,0,0,0,0,0,0,-0.877086430495
"Ncapd3",8.44090141153,0,0,0,0,0,0,0,0,0,0,0,0,0
"Nckap5",0,0,0,0,0,0,0,0,0,0,0,0,-8.07105939813173,0
"Nckipsd",0,0,0,2.33698250234768,0,0,0,0,0,0,0,0,0,0
"Ndrg1",0,0,0,22.0871194931399,0,0,0,0,0,0,0,0,0,0
"Ndst3",0,0,0,0,0,0,0,0,0,0,0,0.966563798250112,0,0
"Necap2",0,0,0,0,0,0,2.4427935008954,0,0,0,2.72740852022079,0,0,0
"Nectin4",0,0,0,0,0,0,0,9.30887621816103,0,0,0,0,0,0
"Nedd9",0,0,0,0,0,0,0,0,0,4.36119281029233,0,0,0,0
"Nenf",0,0,0,0,0,0,0,0,-2.86223344936892,0,0,0,0,0
"Nfam1",0,0,0,0,0,0,0,0,0,0,0,1.13890912001509,0,0
"Nfkb1",0,0,0,0,0,0,9.51363622089187,0,0,0,9.34895801819977,0,0,0
"Nfkb2",0,0,0,0,0,0,5.51557538189721,0,0,0,5.00245014832866,0,0,0
"Nfkbia",0,0,0,0,0,0,11.4445337143917,0,0,0,12.5677004377236,0,0,0
"Nfkbib",0,0,0,0,0,0,2.06559587812168,0,0,0,2.08712740694308,0,0,0
"Nfkbie",0,0,0,0,0,0,8.21183284796716,0,0,0,10.3562053669893,0,0,0
"Nfkbiz",0,0,0,0,0,0,15.123815836823,0,0,0,0,0,0,0
"Ngly1",0,0,0,3.5046086484829,0,0,0,0,0,0,0,0,0,0
"Nhlh2",0,0,0,0,0,0,0,2.20163791722115,0,0,0,0,0,0
"Nid2",0,0,0,0,0,0,0,0,0,0,0,0,-4.91747172517082,0
"Ninj1",0,0,0,0,0,0,8.01225057853366,0,0,0,8.56073467679646,0,0,0
"Ninj2",0,0,0,0,0,0,0,0,0,3.87562659588594,0,0,0,0
"Nkain1",0,0,4.73154567799,0,0,0,0,0,0,0,0,0,0,0
"Nkd2",0,0,0,0,0,0,0,0,0,0,0,0,3.89538372600471,0
"Nkx3-1",10.6225511027,0,0,0,0,0,2.37298329930962,0,0,0,2.8716327693324,0,0,0
"Nlgn1",0,0,0,0,0,0,0,0,0,0,0,0,-5.61807493255322,0
"Nlrc5",0,0,0,0,6.54684526065919,0,0,0,0,0,0,0,0,0
"Nlrp9a",0,0,0,0,0,0,0,0,0,0,0,0.419734670418894,0,0
"Nlrp9b",0,0,0,0,0,0,0,0,0,0,0,0.419734670418894,0,0
"Nlrp9c",0,0,0,0,0,0,0,0,0,0,0,0.419734670418894,0,0
"Nlrx1",0,0,0,0,0,0,0,3.27548045704212,0,0,0,0,0,0
"Nmi",0,0,0,0,7.43265458763098,0,0,0,0,0,0,0,0,0
"Nnmt",6.09032697311,0,0,0,0,0,0,0,0,0,0,0,0,0
"Nnt",0,0,0,0,0,-1.81972821544713,0,0,0,0,0,0,0,0
"Nox1",0,0,0,0,0,0,0,0,0,-1.04576337491561,0,0,0,0
"Nox4",0,0,0,0,0,0,0,0,0,5.91381315164949,0,0,0,0
"Npnt",0,-1.87135596634344,0,0,0,0,0,0,0,0,0,0,0,0
"Nppc",4.04611571241,0,0,0,0,0,0,0,0,0,0,0,0,0
"Npw",0,0,0,0,0,0,0,0,0,0,0,-2.20001978697375,0,0
"Npy",0,0,0,0,0,0,0,0,0,0,0,1.60672627320766,0,0
"Npy1r",0,0,10.6645059299,0,0,0,0,0,0,0,0,0,0,0
"Npy2r",0,0,0,0,0,0,0,0,0,0,0,0,0,1.38723387106
"Nr1d2",0,-3.08327244867749,0,0,0,0,0,0,0,0,0,0,0,0
"Nr2e1",0,0,0,0,0,0,0,0,-2.72151809767483,0,0,0,0,0
"Nr2f2",0,0,0,0,0,0,0,0,0,0,-3.38501919592333,0,0,0
"Nr5a2",0,0,5.15006194006,0,0,0,0,0,0,0,0,0,0,0
"Nrf1",0,0,0,0,0,0,0,-2.35103514848797,0,0,0,0,0,0
"Nrg3",0,0,0,0,0,0,0,0,0,0,0,0,-5.8237473288507,0
"Nrip1",0,0,10.0200104925,0,0,0,0,0,0,0,0,0,0,0
"Nrn1",0,0,0,6.72751686128774,0,0,0,0,0,0,0,0,0,0
"Nsmaf",3.28454451793,0,0,0,0,0,0,0,0,0,0,0,0,0
"Nt5e",0,0,0,0,0,5.83888139082194,0,0,0,0,0,0,0,0
"Nt5m",0,0,0,0,0,0,0,0,-3.91513055341077,0,0,0,0,0
"Ntf3",0,0,0,0,0,0,0,0,0,0,0,0,0,2.27388978335
"Nuak1",0,0,0,0,0,0,0,0,0,6.09542992244163,0,0,0,0
"Nudt19",0,0,0,0,0,0,0,0,0,0,0,0,-9.11136805816042,0
"Nup50",0,0,0,0,0,0.887355367417905,0,0,0,0,0,0,0,0
"Oas1a",0,0,0,0,1.87858932351066,0,0,0,0,0,0,0,0,0
"Oas1b",0,0,0,0,1.87858932351066,0,0,0,0,0,0,0,0,0
"Oas1c",0,0,0,0,1.87858932351066,0,0,0,0,0,0,0,0,0
"Oas1d",0,0,0,0,1.87858932351066,0,0,0,0,0,0,0,0,0
"Oas1e",0,0,0,0,1.87858932351066,0,0,0,0,0,0,0,0,0
"Oas1f",0,0,0,0,1.87858932351066,0,0,0,0,0,0,0,0,0
"Oas1g",0,0,0,0,1.87858932351066,0,0,0,0,0,0,0,0,0
"Oas1h",0,0,0,0,1.87858932351066,0,0,0,0,0,0,0,0,0
"Oas2",0,0,0,0,9.62482643391048,0,0,0,0,0,0,0,0,0
"Oas3",0,0,0,0,10.6188418190691,0,0,0,0,0,0,0,0,0
"Oasl1",0,0,0,0,12.7107272063666,0,0,0,0,0,0,0,0,0
"Odc1",0,4.67855082896383,0,0,0,0,0,0,0,0,0,0,0,0
"Ogfr",0,0,0,0,2.04247813750597,0,0,0,0,0,0,0,0,0
"Olfm1",0,0,3.75243310871,0,0,0,0,0,0,0,0,0,0,0
"Olfm4",0,0,0,0,0,0,0,0,0,0,0,0,0,-1.42315030737
"Olfr172",0,0,0,0,0,0,0,0,0,0,0,-0.630623026945132,0,0
"Olfr173",0,0,0,0,0,0,0,0,0,0,0,-0.630623026945132,0,0
"Olfr412",0,0,0,0,0,0,0,0,0,0,0,1.00703874747229,0,0
"Olr1",0,0,0,0,0,0,7.84201028638495,0,0,0,7.46850691871764,0,0,0
"Opcml",0,0,0,0,0,0,0,0,0,4.46795088308433,0,0,0,0
"Oprk1",-5.62607353634,0,0,0,0,0,0,0,0,0,0,0,0,0
"Ovol3",0,0,0,0,0,0,0,0,0,0,0,0.870949111270993,0,0
"P2rx1",0,0,0,0,0,0,0,0,0,2.75813829247677,0,0,0,0
"P2ry14",0,0,0,0,0,0,0,0,0,0,0,0,2.83000209492682,0
"P4ha1",0,0,0,11.067656692699,0,0,0,0,0,0,0,0,0,0
"P4ha2",0,0,0,6.28034355716225,0,0,0,0,0,0,0,0,0,0
"Padi4",0,0,0,0,0,0,0,4.10773014766389,0,0,0,0,0,0
"Pak1ip1",7.6919315634,0,0,0,0,0,0,0,0,0,0,0,0,0
"Pam",0,0,0,6.26429638624617,0,0,0,0,0,0,0,0,0,0
"Parp10",0,0,0,0,1.83851212075108,0,0,0,0,0,0,0,0,0
"Parp12",0,0,0,0,6.9441010532389,0,0,0,0,0,0,0,0,0
"Parp14",0,0,0,0,6.39728381278698,0,0,0,0,0,0,0,0,0
"Parp9",0,0,0,0,8.7151518590924,0,0,0,0,0,0,0,0,0
"Pawr",0,0,0,0,0,0,0,0,0,2.55343428547832,0,0,0,0
"Pbld1",0,0,0,0,0,-0.988841891482405,0,0,0,0,0,0,0,0
"Pbld2",0,0,0,0,0,-0.988841891482405,0,0,0,0,0,0,0,0
"Pbx1",0,0,0,0,0,-2.99961326480848,0,0,0,0,0,0,0,0
"Pcmtd2",0,-2.19537544632596,0,0,0,0,0,0,0,0,0,0,0,0
"Pcp4",0,0,6.36520077341,0,0,0,0,0,0,0,0,0,0,0
"Pdap1",0,0,0,0,0,0,0,0,0,0,0,-1.37049660321232,0,0
"Pde6c",0,0,0,0,0,0,0,3.01413540282696,0,0,0,0,0,0
"Pde9a",2.90020939568,0,0,0,0,0,0,0,0,0,0,0,0,0
"Pdk1",0,0,0,13.1204494025588,0,0,0,0,0,0,0,0,0,0
"Pdk3",0,0,0,4.39975073866122,0,0,0,0,0,0,0,0,0,0
"Pdpn",0,0,0,0,0,0,0,0,0,0,2.35425067871459,0,0,0
"Pex1",0,-1.66166240906158,0,0,0,0,0,0,0,0,0,0,0,0
"Pex10",5.74946026182,0,0,0,0,0,0,0,0,0,0,0,0,0
"Pex11g",0,0,0,0,0,0,0,0,-4.45461364324906,0,0,0,0,0
"Pfkfb3",0,0,0,14.5471920773281,0,0,0,0,0,0,0,0,0,0
"Pfkfb4",0,0,0,8.94027083881991,0,0,0,0,0,0,0,0,0,0
"Pfkl",0,0,0,3.5446163885829,0,0,0,0,0,0,0,0,0,0
"Pfkp",0,0,0,9.23320090557446,0,0,0,0,0,0,0,0,0,0
"Pgam1",0,0,0,6.3782651350277,0,0,0,0,0,0,0,0,0,0
"Pgap1",0,0,0,0,0,0,0,5.57428710691835,0,0,0,0,0,0
"Pgc",4.7496332151,0,0,0,0,0,0,0,0,0,0,0,0,0
"Pgf",0,0,0,0,0,0,0,4.45484651236069,0,0,0,0,0,0
"Pgk1",0,0,0,9.99399139392937,0,0,0,0,0,0,0,0,0,0
"Pgm1",0,0,0,7.88583461642632,0,0,0,0,0,0,0,0,0,0
"Pgr",0,0,8.52814244888,0,0,0,0,0,0,0,0,0,0,0
"Phactr3",0,0,0,0,0,0,0,0,0,0,0,0,-9.24996861208268,0
"Phc2",0,0,0,0,0,2.39540102391319,0,0,0,0,0,0,0,0
"Phf11a",0,0,0,0,0.965432834102618,0,0,0,0,0,0,0,0,0
"Phf11b",0,0,0,0,0.965432834102618,0,0,0,0,0,0,0,0,0
"Phf11c",0,0,0,0,0.965432834102618,0,0,0,0,0,0,0,0,0
"Phf11d",0,0,0,0,0.965432834102618,0,0,0,0,0,0,0,0,0
"Phf8",0.93482246779,0,0,0,0,0,0,0,0,0,0,0,0,0
"Phlda1",0,6.61962612874247,0,0,0,7.04528922892108,0,0,0,0,0,0,0,0
"Phlda2",0,3.50513834140141,0,0,0,3.85823865379557,0,0,0,0,0,0,0,0
"Phlda3",0,0,0,0,0,0,0,6.79043734303921,0,0,0,0,0,0
"Phldb3",0,0,0,0,0,0,0,2.57377408995391,0,0,0,0,0,0
"Pidd1",0,0,0,0,0,0,0,5.96064072378319,0,0,0,0,0,0
"Piezo2",0,0,0,0,0,0,0,0,0,0,0,0,-1.89109700367819,-1.05133509247
"Pik3c2b",0,0,0,0,0,-2.75268657283763,0,0,0,0,0,0,0,0
"Pik3r3",0,0,-5.49749606658,0,0,0,0,0,0,0,0,0,0,0
"Pkhd1l1",0,0,0,0,0,0,0,0,0,0,0,0,-2.10520403862256,0
"Pkm",0,0,0,4.74517971732424,0,0,0,0,0,0,0,0,0,0
"Pknox2",0,0,0,0,0,0,0,0,0,2.04849173989876,0,0,0,0
"Pla2r1",0,0,0,0,0,0,0,0,0,0,0,0,0,-1.1473081003
"Plaa",0,0,0,0,0,0,0,0,0,0,0,0,2.302383390894,0
"Plac1",0,0,5.06711601484,0,0,0,0,0,0,0,0,0,0,0
"Plau",0,0,0,0,0,0,7.40611282302349,0,0,0,11.4928841557209,0,0,0
"Plcb4",0,0,0,0,0,0,0,0,0,3.93389028538691,0,0,0,0
"Plek2",0,3.43925696360287,0,0,0,0,0,0,0,0,0,0,0,0
"Plekha4",0,0,0,0,2.32743966366065,0,0,0,0,0,0,0,0,0
"Pln",0,0,0,0,0,0,0,0,0,2.74832322185897,0,0,0,0
"Plod1",0,0,0,6.61022484885533,0,0,0,0,0,0,0,0,0,0
"Plod2",0,0,0,13.600144008727,0,0,0,0,0,0,0,0,0,0
"Plpp2",0,0,-4.47476054597,0,0,0,0,0,0,0,0,0,0,0
"Plscr1",0,0,0,0,2.8272010575354,0,0,0,0,0,0,0,0,0
"Plscr2",0,0,0,0,2.8272010575354,0,0,0,0,0,0,0,0,0
"Pltp",0,0,0,0,0,0,0,6.88503288508829,0,0,0,0,0,0
"Pmel",0,0,0,0,0,0,0,0,-6.5903482481995,0,0,0,0,0
"Pmepa1",10.9989122239,0,0,0,0,0,0,0,0,8.09614088082701,0,0,0,0
"Pml",0,0,0,0,3.60852527672784,0,0,0,0,0,0,0,0,0
"Pnisr",0,-1.59538804318438,0,0,0,0,0,0,0,0,0,0,0,0
"Pnp",0,2.32180997082298,0,0,0,2.45523201619568,0,0,0,0,0,0,0,0
"Pnp2",0,2.32180997082298,0,0,0,2.45523201619568,0,0,0,0,0,0,0,0
"Podnl1",0,0,0,0,0,0,0,0,0,2.14890968370182,0,0,0,0
"Polh",0,0,0,0,0,0,0,5.17601264330087,0,0,0,0,0,0
"Pop4",0,0,0,-2.31441263366752,0,0,0,0,0,0,0,0,0,0
"Pot1a",0,-0.916650429201279,0,0,0,0,0,0,0,0,0,0,0,0
"Pot1b",0,-0.916650429201279,0,0,0,0,0,0,0,0,0,0,0,0
"Ppfia4",0,0,0,10.8376145634208,0,0,0,0,0,0,0,0,0,0
"Ppif",0,0,10.130802152,0,0,0,0,0,0,0,0,0,0,0
"Ppm1d",0,0,0,0,0,0,0,6.24952058106223,0,0,0,0,0,0
"Ppp1r26",0,0,0,0,0,0,0,0,-3.72424287015719,0,0,0,0,0
"Ppp2cb",2.35261800325,0,0,0,0,0,0,0,0,0,0,0,0,0
"Ppp2r5b",0,0,0,3.48258339617947,0,0,0,0,0,0,0,0,0,0
"Ppp4r4",0,0,0,0,0,0,2.42747157463571,0,0,0,3.32805460896588,0,0,0
"Prcp",0,0,0,0,0,-1.27868444112129,0,0,0,0,0,0,0,0
"Prdm1",0,0,0,0,0,0,4.41653234664008,0,0,0,0,0,0,0
"Prdm5",0,0,0,0,0,0,0,0,0,0,0,0,0,0.987983717211
"Prkab1",0,0,0,0,0,0,0,4.52002945928526,0,0,0,0,0,0
"Prkd2",0,0,0,0,2.15549487824293,0,0,0,0,0,0,0,0,0
"Prnp",0,0,0,0,0,2.59731080726985,0,0,0,0,0,0,0,0
"Prss23",0,0,8.75522282336,0,0,0,0,0,0,0,0,0,0,0
"Prss53",0,0,0,1.97450623238105,0,0,0,0,0,0,0,0,0,0
"Psmb8",0,0,0,0,5.86968402069555,0,0,0,0,0,0,0,0,0
"Psmb9",0,0,0,0,8.15851150604537,0,0,0,0,0,0,0,0,0
"Psmd8",3.65732836091,0,0,0,0,0,0,0,0,0,0,0,0,0
"Ptch1",0,0,0,0,0,0,0,0,0,0,0,0,-2.78416382323069,0
"Ptger2",0,0,0,0,0,0,0,0,0,0,0,0,0,2.55539227579
"Pthlh",0,3.6139766530131,0,0,0,0,0,0,0,0,0,0,0,0
"Ptprt",0,0,0,0,0,0,0,0,0,0,0,1.00512675529458,0,0
"Ptx3",0,0,0,0,0,0,21.2478956388809,0,0,0,21.5027341668347,0,0,0
"Pwp2",0,1.17248838378621,0,0,0,1.33221219929849,0,0,0,0,0,0,0,0
"Qpctl",0,0,0,0,0,0,0,0,0,0,0,-1.09472813962717,0,0
"Qrsl1",0,0,0,-2.24529780767581,0,0,0,0,0,0,0,0,0,0
"Qsox2",0,0,0,0,0,2.01603608021989,0,0,0,0,0,0,0,0
"Rab20",0,0,0,4.25626032523686,0,0,0,0,0,0,0,0,0,0
"Rab26",0,0,0,0,0,-3.4389782720449,0,0,0,0,0,0,0,0
"Rab27b",0,0,-5.88914566171,0,0,0,0,0,0,0,0,0,0,0
"Rab33b",0,-1.78364281596369,0,0,0,0,0,0,0,0,0,0,0,0
"Rab37",0,0,0,0,0,0,0,0,0,0,0,2.94792791773863,0,0
"Rab3b",4.39309957965,0,0,0,0,0,0,0,0,0,0,0,0,0
"Rab5b",0,0,0,0,0,-2.08045064211124,0,0,0,0,0,0,0,0
"Rab9",0,0,-6.00777315701,0,0,0,0,0,0,0,0,0,0,0
"Rabgap1",0,-1.26940025889934,0,0,0,0,0,0,0,0,0,0,0,0
"Rag2",0,0,0,0,0,0,0,0,0,0,0,1.5714490591915,0,0
"Rap2b",0,0,0,0,0,0,0,0,0,0,0,0,0,2.32707816213
"Rapgefl1",0,0,10.544895916,0,0,0,0,0,0,0,0,0,0,0
"Rara",0,0,3.02158025348,0,0,0,0,0,0,0,0,0,0,0
"Rasd2",0,0,0,0,0,0,0,0,0,3.38455715222115,0,0,0,0
"Rasgrp2",0,0,0,0,0,0,0,0,0,0,0,0,0,-1.28386241053
"Rasl11b",0,0,0,0,0,0,0,0,0,2.72300987035008,0,0,0,0
"Rbbp5",0,0,0,0,0,0,0,0,0,0,0,-1.69343939768641,0,0
"Rbbp8",0,0,6.83400284824,0,0,0,0,0,0,0,0,0,0,0
"Rbm48",0,-1.05377423830237,0,0,0,0,0,0,0,0,0,0,0,0
"Rbms2",0,0,0,0,0,0,0,0,0,0,0,0,0,2.11730003842
"Rbpj",0,0,0,3.85145674582072,0,0,0,0,0,0,0,0,0,0
"Rcl1",0,0,4.21924727177,0,0,0,0,0,0,0,0,0,0,0
"Rcor3",0,-1.67077239348084,0,0,0,0,0,0,0,0,0,0,0,0
"Rel",0,0,0,0,0,0,4.70997255673979,0,0,0,0,0,0,0
"Rela",0,0,0,0,0,0,1.93222401235417,0,0,0,0,0,0,0
"Relb",0,0,0,0,0,0,7.77922197337011,0,0,0,9.26459378466974,0,0,0
"Relt",0,2.29165301407767,0,0,0,0,0,0,0,0,0,0,0,0
"Renbp",0,0,0,0,0,0,0,0,0,0,0,1.31017933767911,0,0
"Ret",0,0,10.7180267789,0,0,0,0,0,0,0,0,0,0,0
"Retsat",0,0,0,0,0,0,0,7.13672798613649,0,0,0,0,0,0
"Rflnb",0,0,0,0,0,0,0,0,0,7.30913012834185,0,0,0,0
"Rgl1",0,0,0,0,0,0,0,0,0,0,0,0,9.31297358657362,0
"Rgs10",0,0,0,0,0,0,0,0,-3.88039733945838,0,0,0,0,0
"Rgsl1",0,0,0,0,0,0,0,0,0,0,0,0.831747421434686,0,0
"Rhbdf1",0,0,-3.65846843274,0,0,0,0,0,0,0,0,0,0,0
"Rhbdl2",0,0,0,0,0,0,0,0,0,0,3.67783737126775,0,0,0
"Rhcg",0,0,0,0,0,0,0,0,0,0,3.1016003564153,0,0,0
"Rhebl1",0,0,0,0,0,0,0,0,0,0,0,4.12871152878987,0,0
"Rinl",0,0,0,0,0,0,0,4.51468968662645,0,0,0,0,0,0
"Riok3",0,0,0,3.73030128423622,0,0,0,0,0,0,0,0,0,0
"Ripk2",0,0,0,0,0,0,5.97975213098363,0,0,0,5.57240789372111,0,0,0
"Rlf",0,0,0,7.07028547517991,0,0,0,0,0,0,0,0,0,0
"Rnase2a",0,0,0,0,0,0,0,0,0,0,0,0,0,0.132838776687
"Rnase2b",0,0,0,0,0,0,0,0,0,0,0,0,0,0.132838776687
"Rnaseh2b",0,0,0,0,0,0,0,0,0,0,0,0,0,1.05685087869
"Rnd1",0,0,0,0,0,0,0,0,0,0,4.68488068272288,0,0,0
"Rnf114",0,0,0,0,2.4915675486216,0,0,0,0,0,0,0,0,0
"Rnf138",0,0,0,0,0,2.35574220744453,0,0,0,0,0,0,0,0
"Rnf146",0,-2.17082116400212,0,0,0,0,0,0,0,0,0,0,0,0
"Rnf19b",0,0,0,0,0,0,6.70700433729029,0,0,0,0,0,0,0
"Rnf24",0,0,0,3.85305894212825,0,0,0,0,0,0,0,0,0,0
"Rnf43",0,0,-5.41598767784,0,0,0,0,0,0,0,0,0,0,3.62818214446
"Rnf44",0,0,0,0,0,0,0,0,-5.73431317321176,0,0,0,0,0
"Rora",0,0,0,4.50877176026573,0,0,0,0,0,0,0,0,0,0
"Rorb",0,0,0,0,0,0,0,0,0,0,0,0,-2.77447740207386,0
"Rpl34",0,0,0,0,0,0,0,0,0,0,0,1.2967358082719,0,0
"Rps27l",0,0,0,0,0,0,0,6.25116452788065,0,0,0,0,0,0
"Rrm2b",0,0,0,0,0,0,0,10.6329276794067,0,0,0,0,0,0
"Rrp12",0,0,0,0,0,0,0,0,0,0,0,-1.14056866275777,0,0
"Rsad2",0,0,0,0,22.8987274334128,0,0,0,0,0,0,0,0,0
"Rtn2",0,0,0,0,0,0,0,0,-7.48564963103951,0,0,0,0,0
"Rtp4",0,0,0,0,9.45113967581242,0,0,0,0,0,0,0,0,0
"Rubcnl",0,0,0,0,0,0,0,0,0,0,0,0,3.1367475160911,2.90072733261
"Rusc2",0,0,0,0,0,0,0,0,0,2.35317956566165,0,0,0,0
"Rxfp1",0,0,0,0,0,0,0,0,0,-2.27771792982856,0,0,0,0
"S100a1",0,0,0,0,0,0,0,0,-3.98892395619226,0,0,0,0,0
"Samd11",0,0,0,0,0,0,0,0,0,4.98308470437278,0,0,0,0
"Samd9l",0,0,0,0,10.5628991033041,0,0,0,0,0,0,0,0,0
"Samhd1",0,0,0,0,7.13344485896906,0,0,0,0,0,0,0,0,0
"Sap30",0,0,0,2.90575098757109,0,0,0,0,0,0,0,0,0,0
"Sap30bp",0,0,0,0,0,0,0,0,0,0,0,0,1.75311662299697,0
"Sbspon",0,0,0,0,0,0,0,0,0,0,0,0,0,1.4732102099
"Scap",2.92921089044,0,0,0,0,0,0,0,0,0,0,0,0,0
"Scml4",0,0,0,0,0,0,0,0,0,0,0,0,-1.87826820552769,0
"Scn3b",0,0,0,0,0,0,0,4.85900175146136,0,0,0,0,0,0
"Scpep1",0,0,0,0,0,-1.9325651044928,0,0,0,0,0,0,0,0
"Sdc4",0,0,0,0,0,0,8.15340036456494,0,0,0,8.12277620754622,0,0,0
"Sdk2",0,0,1.87704625885,0,0,0,0,0,0,0,0,0,0,0
"Sec14l2",4.38852738911,0,5.23907790111,0,0,0,0,0,0,0,0,0,0,0
"Sec31b",0,0,0,0,0,0,0,0,0,0,0,0,0,1.44708283337
"Sec61g",0,0,0,4.74111293382792,0,0,0,0,0,0,0,0,0,0
"Sectm1a",0,0,0,0,2.9966149419992,0,0,0,0,0,0,0,0,0
"Sectm1b",0,0,0,0,2.9966149419992,0,0,0,0,0,0,0,0,0
"Sel1l3",0,0,0,0,0,0,0,0,0,0,0,0,0,-1.62188109405
"Selenop",6.33678058131,0,0,0,0,0,0,0,0,0,0,0,0,0
"Sell",0,0,0,0,0,0,0,0,0,0,0,2.47217195255472,0,0
"Sema7a",0,0,0,0,0,0,0,0,0,3.89477204453867,0,0,0,0
"Senp5",0,0,0,0,0,0,0,0,0,0,0,0,1.86554945711406,0
"Senp7",0,-2.11034378289699,0,0,0,0,0,0,0,0,0,0,0,0
"Serpina3a",0,0,0,0,0,0,0,0,0,0,1.14057993243739,0,0,0
"Serpina3b",0,0,0,0,0,0,0,0,0,0,1.14057993243739,0,0,0
"Serpina3c",0,0,0,0,0,0,0,0,0,0,1.14057993243739,0,0,0
"Serpina3f",0,0,0,0,0,0,0,0,0,0,1.14057993243739,0,0,0
"Serpina3g",0,0,0,0,0,0,0,0,0,0,1.14057993243739,0,0,0
"Serpina3i",0,0,0,0,0,0,0,0,0,0,1.14057993243739,0,0,0
"Serpina3j",0,0,0,0,0,0,0,0,0,0,1.14057993243739,0,0,0
"Serpina3k",0,0,0,0,0,0,0,0,0,0,1.14057993243739,0,0,0
"Serpina3m",0,0,0,0,0,0,0,0,0,0,1.14057993243739,0,0,0
"Serpina3n",0,0,0,0,0,0,0,0,0,0,1.14057993243739,0,0,0
"Serpinb5",0,0,0,0,0,0,0,4.79640560962552,0,0,0,0,0,0
"Serping1",0,0,0,0,3.24871558826121,0,0,0,0,0,0,0,0,0
"Sesn1",0,0,0,0,0,0,0,12.5292288974635,0,0,0,0,0,0
"Sfrp5",0,0,0,0,0,0,0,0,0,0,0,0,0,-1.07940364175
"Sgcg",0,0,-4.18181325248,0,0,0,0,0,0,0,0,0,0,0
"Sgk1",12.8168418138,0,0,0,0,0,0,0,0,0,0,0,0,0
"Sgpl1",0,0,0,0,0,0,0,0,0,2.58392327301512,0,0,0,0
"Sgpp2",0,0,0,0,0,0,7.41697819384461,0,0,0,0,0,0,0
"Sh2d5",0,2.43213297611947,0,0,0,0,0,0,0,0,0,0,0,0
"Sh3bgrl",0,0,0,0,0,-2.72344650934606,0,0,0,0,0,0,0,0
"Sh3bp4",0,0,-4.87774227508,0,0,0,0,0,0,0,0,0,0,0
"Sh3pxd2a",0,0,0,0,0,0,0,0,0,3.87979180893438,0,0,0,0
"Siah2",0,0,9.43676093773,0,0,0,0,0,0,0,0,0,0,0
"Sidt1",0,0,-4.23204663804,0,0,0,0,0,0,0,0,0,0,0
"Sidt2",0,0,0,0,0,-2.75271087544008,0,0,0,0,0,0,0,0
"Sirt2",0,0,0,0,0,-1.32328313678571,0,0,0,0,0,0,0,0
"Sis",-5.79500307445,0,0,0,0,0,0,0,0,0,0,0,0,0
"Ska3",0,0,0,0,0,0,0,-7.64405986948357,0,0,0,0,0,0
"Skil",0,0,0,0,0,0,0,0,0,4.27418121936063,0,0,0,0
"Slc11a2",0,0,0,0,0,0,2.68664803875845,0,0,0,0,0,0,0
"Slc12a7",0,0,0,0,0,0,0,0,0,0,4.07095993463152,0,0,0
"Slc15a2",5.13992665138,0,0,0,0,0,0,0,0,0,0,0,0,0
"Slc15a3",0,0,0,0,4.26073918347599,0,0,0,0,0,0,0,0,0
"Slc16a2",0,0,0,0,0,0,0,0,0,3.14089909203714,0,0,0,0
"Slc18a1",0,0,0,0,0,0,0,0,4.6520925271988,0,0,0,0,0
"Slc20a1",0,0,0,0,0,6.81035296711078,0,0,0,0,0,0,0,0
"Slc22a21",0,0,3.869147832475,0,0,0,0,0,0,0,0,0,0,0
"Slc22a5",0,0,3.869147832475,0,0,0,0,0,0,0,0,0,0,0
"Slc25a24",0,0,3.66548160476,0,0,0,0,0,0,0,0,0,0,0
"Slc25a28",0,0,0,0,3.93346165414405,0,0,0,0,0,0,0,0,0
"Slc25a36",0,0,0,5.32904399026698,0,0,0,0,0,0,0,0,0,0
"Slc25a43",0,0,0,0,0,0,0,0,0,0,0,0,-4.35830552974223,0
"Slc25a45",0,0,0,0,0,0,0,4.91980677432265,0,0,0,0,0,0
"Slc26a4",0,0,0,0,0,0,0,0,-3.73883989050786,0,0,0,0,0
"Slc27a1",0,0,0,0,0,0,0,0,-8.32992083970463,0,0,0,0,0
"Slc2a1",0,0,0,8.67915398023849,0,0,0,0,0,0,0,0,0,0
"Slc2a6",0,0,0,0,0,0,9.72998809873575,0,0,0,10.2491083436558,0,0,0
"Slc2a9",0,0,0,0,0,0,0,0,0,0,0,0,0,0.981192148782
"Slc30a8",0,0,0,0,0,0,0,0,0,0,0,0.839191185998463,0,0
"Slc35e1",0,0,0,2.80420791392591,0,0,0,0,0,0,0,0,0,0
"Slc35f2",0,0,0,0,0,2.85098200227271,0,0,0,0,0,0,0,0
"Slc38a4",7.36380493768,0,0,0,0,0,0,0,0,0,0,0,-2.22955626474965,0
"Slc41a2",0,0,0,0,0,0,4.91500650401406,0,0,0,5.35799494026177,0,0,0
"Slc41a3",0,0,0,0,0,0,0,0,-3.55010832242782,0,0,0,0,0
"Slc44a5",0,0,0,0,0,0,0,5.04342092041207,0,0,0,0,0,0
"Slc45a3",0,1.9024389018056,0,0,0,0,0,0,0,0,0,0,0,0
"Slc4a7",0,0,0,0,0,2.70949499395691,0,0,0,0,0,0,0,0
"Slc7a5",0,0,11.2240689529,0,0,0,0,0,0,0,0,0,0,0
"Slc7a8",0,0,0,0,0,0,0,0,0,0,0,0,0,-2.4843729916
"Slc7a9",0,0,0,0,0,0,0,0,0,0,0,1.21571076891102,0,0
"Slc9a1",0,0,-2.59442657319,0,0,0,0,0,0,0,0,0,0,0
"Slco2a1",0,0,0,0,0,0,0,0,0,4.86978843343729,0,0,0,0
"Slco4a1",0,0,0,0,0,4.08453814362535,0,0,0,0,0,0,0,0
"Slfn8",0,0,0,0,0,0,0,0,0,0,0,0,-1.76577631973877,0
"Slfn9",0,0,0,0,0,0,0,0,0,0,0,0,-1.76577631973877,0
"Slitrk3",-3.32064361336,0,0,0,0,0,0,0,0,0,0,0,0,0
"Smad1",0,0,0,0,0,0,0,0,0,0,0,0,-3.80111156446347,0
"Smad6",0,0,0,0,0,0,0,0,0,2.79826538625144,0,0,0,0
"Smad7",0,0,0,0,0,0,0,0,0,7.63114337453368,0,0,0,0
"Smco3",0,0,0,0,0,0,0,0,0,0,0,0,-2.10198457226268,0
"Smim19",0,0,0,0,0,0,0,0,-7.21055901199547,0,0,0,0,0
"Smim3",0,0,0,0,0,0,0,0,0,0,0,3.71194965213304,0,0
"Smurf1",0,0,0,0,0,0,0,0,0,1.53815323269343,0,0,0,0
"Smurf2",0,0,0,0,0,3.03016176251486,0,0,0,0,0,0,0,0
"Snai1",0,0,0,0,0,0,0,0,0,3.56817393050154,0,0,0,0
"Snai2",19.8215089854,0,0,0,0,0,0,0,0,0,0,0,0,0
"Sncaip",0,0,0,0,0,0,0,0,0,0,0,0,0,1.43635014664
"Sntb1",0,0,0,0,0,0,0,0,0,0,0,0,0,1.76849258398
"Snx24",0,0,6.89935571746,0,0,0,0,0,0,0,0,0,0,0
"Snx32",0,0,0,0,0,0,0,2.29181077618188,0,0,0,0,0,0
"Socs3",0,0,0,0,0,0,4.51191455862297,0,0,0,0,0,0,0
"Sod2",0,0,0,0,0,0,11.1561501653772,0,0,0,13.6231102743594,0,0,0
"Sord",5.77756578443,0,0,0,0,0,0,0,0,0,0,0,0,0
"Sp110",0,0,0,0,1.7357425442007,0,0,0,0,0,0,0,0,0
"Sp140",0,0,0,0,1.7357425442007,0,0,0,0,0,0,0,0,0
"Spag4",0,0,0,10.2130714706145,0,0,0,0,0,0,0,0,0,0
"Spag6",0,0,0,0,0,0,0,0,0,0,0,0,-0.78545763432091,0
"Spag6l",0,0,0,0,0,0,0,0,0,0,0,0,-0.78545763432091,0
"Spata18",0,0,0,0,0,0,0,7.84899796478288,0,0,0,0,0,0
"Spata2l",0,1.75649766839173,0,0,0,0,0,0,0,0,0,0,0,0
"Spdef",3.75095128457,0,0,0,0,0,0,0,0,0,0,0,0,0
"Specc1",0,0,0,0,0,0,0,0,0,2.57411375293421,0,0,0,0
"Spg11",0,0,0,0,0,-1.33788368473598,0,0,0,0,0,0,0,0
"Spink2",0,0,0,0,0,0,0,0,0,0,0,1.33316609395514,-1.89118937820105,0
"Spocd1",0,4.29568940121941,0,0,0,0,0,0,0,0,0,0,0,0
"Spred1",0,0,0,0,0,6.20994824376467,0,0,0,0,0,0,0,0
"Spred2",0,0,0,0,0,3.50183464102223,0,0,0,0,0,0,0,0
"Spry2",0,0,0,0,0,9.48158474811891,0,0,0,0,0,0,0,0
"Spry4",0,0,0,0,0,10.1144705371691,0,0,0,0,0,0,0,0
"Spsb3",0,0,0,0,0,0,0,0,-6.53372855841329,0,0,0,0,0
"Sqstm1",0,0,0,0,0,0,0,0,0,0,3.65020275325832,0,0,0
"Srgap3",0,0,0,0,0,0,0,2.51854760461627,0,0,0,0,0,0
"Srgn",0,0,0,0,0,0,0,0,0,0,3.95132838618118,0,0,0
"Srp14",0,0,0,0,0,-1.5944123429577,0,0,0,0,0,0,0,0
"Ssr1",0,0,0,0,0,0,0,0,3.65112135860456,0,0,0,0,0
"Sst",0,0,0,0,0,0,0,0,0,0,0,0,-1.22482486385723,0
"Stag1",0,0,0,0,0,0,0,-3.86511334869035,0,0,0,0,0,0
"Stard13",0,0,0,0,0,0,0,0,0,0,0,2.09695297759026,0,0
"Stard5",0,0,0,0,2.94936501488196,0,0,0,0,0,0,0,0,0
"Stat1",0,0,0,0,9.08393656608298,0,0,0,0,0,0,0,0,0
"Stat2",0,0,0,0,4.14717606787694,0,0,0,0,0,0,0,0,0
"Stat5a",0,0,0,0,0,0,3.98656100319747,0,0,0,3.63348929436324,0,0,0
"Stc2",0,0,10.2860517134,8.03666591992239,0,0,0,0,0,0,0,0,0,0
"Steap4",9.19433931111,0,0,0,0,0,0,0,0,0,0,0,0,0
"Stfa1",0,0,0,0,0,0,0,1.12575971296347,0,0,0,0,0,0
"Stfa2",0,0,0,0,0,0,0,1.12575971296347,0,0,0,0,0,0
"Stfa2l1",0,0,0,0,0,0,0,1.12575971296347,0,0,0,0,0,0
"Stfa3",0,0,0,0,0,0,0,1.12575971296347,0,0,0,0,0,0
"Stk39",6.93412462041,0,0,0,0,0,0,0,0,0,0,0,0,0
"Stx11",0,0,0,0,0,0,4.52523244924286,0,0,0,0,0,0,0
"Stx1a",0,1.69688783207693,0,0,0,2.21515121358096,0,0,0,0,0,0,0,0
"Stx6",0,0,0,0,0,0,0,3.46579999630662,0,0,0,0,0,0
"Stx8",0,0,0,0,0,-1.10640642473181,0,0,0,0,0,0,0,0
"Suds3",0,-2.19531961765194,0,0,0,0,0,0,0,0,0,0,0,0
"Susd6",0,0,0,0,0,0,0,0,0,0,5.82150256897803,0,0,0
"Syf2",0,-1.40763575246807,0,0,0,0,0,0,0,0,0,0,0,0
"Syk",0,0,0,0,0,0,0,0,0,0,0,0,0,-1.72470371194
"Syndig1",0,0,0,0,0,0,0,0,0,1.83640385967736,0,0,0,0
"Syt12",0,0,0,0,0,0,0,0,0,0,0,0,0,-1.25326075663
"Syt15",0,0,0,0,0,0,0,0,0,3.85774315387963,0,0,0,0
"Sytl2",-5.38953615735,0,0,0,0,0,0,0,0,0,0,0,0,0
"Tab1",0,0,0,0,0,0,0,0,-2.77487236398243,0,0,0,0,0
"Tacc1",0,0,-3.37486737164,0,0,0,0,0,0,0,0,0,0,0
"Taf1a",0,0,0,0,0,3.2145150433205,0,0,0,0,0,0,0,0
"Tap1",0,0,0,0,9.77763834312082,0,0,0,0,0,0,0,0,0
"Tap2",0,0,0,0,3.59226036058408,0,0,0,0,0,0,0,0,0
"Tapbp",0,0,0,0,0,0,0,0,0,0,3.97974251672057,0,0,0
"Tarsl2",0,0,0,0,0,0,0,0,0,0,0,-1.63811293285968,0,0
"Tbc1d15",0,0,0,0,0,0,0,0,-5.41263103979862,0,0,0,0,0
"Tbc1d9b",0,0,0,2.72058685932993,0,0,0,0,0,0,0,0,0,0
"Tbx1",0,0,0,0,0,0,0,0,0,0,0,0,-1.00386277078018,0
"Tcerg1l",0,0,0,0,0,0,0,2.37412001647258,0,0,0,0,0,0
"Tcn2",0,0,0,0,0,0,0,0,-3.52794459364398,0,0,0,0,0
"Tcof1",0,0,0,0,0,2.21157805492884,0,0,0,0,0,0,0,0
"Tdrd7",0,0,0,0,6.56664681954279,0,0,0,0,0,0,0,0,0
"Tdrkh",0,0,0,0,0,0,0,0,0,0,0,0,0,-1.71027369375
"Tec",0,0,0,0,0,0,0,0,0,0,0,2.05132163884467,0,0
"Tespa1",0,0,0,0,0,0,0,0,0,0,0,0.966658874137441,0,0
"Tex10",0,0,0,0,0,1.77199210333003,0,0,0,0,0,0,0,0
"Tex37",0,0,0,0,0,0,0,3.03848257750685,0,0,0,0,0,0
"Tfdp2",0,0,0,0,0,0,0,0,-5.67358822724195,0,0,0,0,0
"Tff1",0,0,14.4302547293,0,0,0,0,0,0,0,0,0,0,0
"Tgfb3",0,0,-5.33026789517,0,0,0,0,0,0,0,0,0,0,0
"Themis2",0,0,0,0,3.21657444576421,0,0,0,0,0,0,0,0,0
"Thnsl2",0,0,0,0,0,0,0,0,-4.31834057929394,0,0,0,0,0
"Tiam1",0,0,4.47348368321,0,0,0,0,0,0,0,0,0,0,0
"Tifa",0,0,0,0,0,0,5.14411244624824,0,0,0,6.05229277160913,0,0,0
"Tigar",0,0,0,0,0,0,0,10.1514954141103,0,0,0,0,0,0
"Tldc2",0,0,0,0,0,0,0,0,0,0,0,1.74716445606875,0,0
"Tle1",0,0,-4.10217257102,0,0,0,0,0,0,0,0,0,0,0
"Tle4",0,0,0,0,0,0,0,0,0,0,0,0,0,-1.73347206901
"Tll1",-2.46391807731,0,0,0,0,0,0,0,0,0,0,0,0,1.04142646256
"Tlr2",0,0,0,0,0,0,5.41421997604156,0,0,0,7.03935776820502,0,0,0
"Tlr3",0,0,0,0,4.43123765374852,0,0,0,0,0,0,0,0,0
"Tmcc3",0,0,0,0,0,0,0,0,0,0,0,0,7.27199391875632,0
"Tmem135",0,0,-3.50320154881,0,0,0,0,0,0,0,0,0,0,0
"Tmem140",0,0,0,0,5.10714104409123,0,0,0,0,0,0,0,0,0
"Tmem217",0,0,0,0,0,0,3.35381325962838,0,0,0,4.03815067960134,0,0,0
"Tmem259",0,0,0,0,0,0,0,0,0,0,0,-1.49011646629899,0,0
"Tmem42",0,0,0,0,0,0,0,0,-7.98932674781528,0,0,0,0,0
"Tmem45a",0,0,0,8.93840007826124,0,0,0,0,0,0,0,0,0,0
"Tmem45a2",0,0,0,8.93840007826124,0,0,0,0,0,0,0,0,0,0
"Tmem59",0,-1.8640664265804,0,0,0,-2.26427296258465,0,0,0,0,0,0,0,0
"Tmem62",0,0,0,0,2.30693529907938,0,0,0,0,0,0,0,0,0
"Tmem63b",0,0,0,0,0,0,0,4.80735222665581,0,0,0,0,0,0
"Tmem68",0,0,0,0,0,0,0,5.09873610685454,0,0,0,0,0,0
"Tmem74",0,0,0,0,0,0,0,0,0,0,0,1.23206479186322,0,0
"Tmprss2",11.4906307374,0,0,0,0,0,0,0,0,0,0,0,0,0
"Tmub2",0,0,0,0,0,-1.67381617986947,0,0,0,0,0,0,0,0
"Tmx2",0,0,0,-3.69794401757591,0,0,0,0,0,0,0,0,0,0
"Tnf",0,0,0,0,0,0,18.6392620596404,0,0,0,0,0,0,0
"Tnfaip1",0,0,0,0,0,0,0,0,0,0,2.77854938464495,0,0,0
"Tnfaip2",0,0,0,0,0,0,10.9108073918533,0,0,0,12.2137267034154,0,0,0
"Tnfaip3",0,0,0,0,0,0,28.3737523134651,0,0,0,35.4007175514781,0,0,0
"Tnfaip6",0,0,0,0,0,0,19.182263460877,0,0,0,0,0,0,0
"Tnfaip8",0,0,0,0,0,0,4.93682380456133,0,0,0,4.91757411899349,0,0,0
"Tnfrsf9",0,0,0,0,0,0,5.99605904813046,0,0,0,0,0,0,0
"Tnfsf13b",0,0,0,0,4.95892943544397,0,0,0,0,0,0,0,0,0
"Tnfsf15",0,0,0,0,0,0,6.24584727544688,0,0,0,0,0,0,0
"Tnfsf4",0,0,0,0,0,0,0,0,0,5.50389303523693,0,0,0,0
"Tnip1",0,0,0,0,0,0,6.13472667662198,0,0,0,6.42959443446254,0,0,0
"Tnip2",0,0,0,0,0,0,3.31072735149829,0,0,0,3.39428997789513,0,0,0
"Tnip3",0,0,0,0,0,0,8.25934093825706,0,0,0,0,0,0,0
"Tns3",0,0,0,0,0,-2.72646381305986,0,0,0,0,0,0,0,0
"Tomm34",0,1.80597879298749,0,0,0,0,0,0,0,0,0,0,0,0
"Top1",0,0,0,0,0,3.63340880084587,0,0,0,0,0,0,0,0
"Tpd52",4.54571137515,0,0,0,0,0,0,0,0,0,0,0,0,0
"Tpd52l1",0,0,10.085513349,0,0,0,0,0,0,0,0,0,0,0
"Tph1",0,0,0,0,0,0,0,0,0,0,0,0,0,1.0144342317
"Tpi1",0,0,0,3.75538228532971,0,0,0,0,0,0,0,0,0,0
"Tpm1",0,0,0,0,0,0,0,0,0,4.59536080946276,0,0,0,0
"Tppp",0,0,0,0,0,0,0,0,-2.54311816143599,0,0,0,0,0
"Traf1",0,0,0,0,0,0,10.3355766029445,0,0,0,9.39600119511034,0,0,0
"Trafd1",0,0,0,0,2.62859317916804,0,0,0,0,0,0,0,0,0
"Trank1",0,0,0,0,3.58887468491964,0,0,0,0,0,0,0,0,0
"Trappc6a",0,0,0,0,0,0,0,0,-6.95524148588124,0,0,0,0,0
"Trem2",0,0,0,0,0,0,0,4.10193661511406,0,0,0,0,0,0
"Trh",0,0.771964661380765,0,0,0,0,0,0,0,0,0,0,0,0
"Triap1",0,0,0,0,0,0,0,6.42278898218996,0,0,0,0,0,0
"Trib1",0,3.91779438327681,0,0,0,4.1829430716292,0,0,0,0,0,0,0,0
"Trim12a",0,0,0,0,0.570581723829017,0,0,0,0,0,0,0,0,0
"Trim12c",0,0,0,0,0.570581723829017,0,0,0,0,0,0,0,0,0
"Trim14",0,0,0,0,3.03795885139966,0,0,0,0,0,0,0,0,0
"Trim21",0,0,0,0,6.67418811717532,0,0,0,0,0,0,0,0,0
"Trim25",0,0,0,0,3.41413092072421,0,0,0,0,0,0,0,0,0
"Trim26",0,0,0,0,2.19947467926935,0,0,0,0,0,0,0,0,0
"Trim3",0,0,0,0,0,0,0,1.57372807974593,0,0,0,0,0,0
"Trim30a",0,0,0,0,0.570581723829017,0,0,0,0,0,0,0,0,0
"Trim30c",0,0,0,0,0.570581723829017,0,0,0,0,0,0,0,0,0
"Trim30d",0,0,0,0,0.570581723829017,0,0,0,0,0,0,0,0,0
"Trim38",0,0,0,0,3.49272614630224,0,0,0,0,0,0,0,0,0
"Trim5",0,0,0,0,0.570581723829017,0,0,0,0,0,0,0,0,0
"Trim52",0,-2.01216033190721,0,0,0,-2.20119038690844,0,0,0,0,0,0,0,0
"Trim63",0,0,0,0,0,0,0,0,-5.52859767409549,0,0,0,0,0
"Trim69",0,0,0,0,3.17312392394284,0,0,0,0,0,0,0,0,0
"Trim72",0,0,0,0,0,0,0,0,0,0,0,1.58663855500031,0,0
"Trim75",0,0,0,0,10.5674574971914,0,0,0,0,0,0,0,0,0
"Trip10",0,0,0,0,0,0,4.16756174882639,0,0,0,0,0,0,0
"Trmt2b",0,0,0,0,0,0,0,0,0,0,0,0,0,1.80002842507
"Trp53bp2",0,0,0,0,0,0,2.69595034446236,0,0,0,0,0,0,0
"Trp53inp1",0,0,0,0,0,0,0,8.65838226312228,0,0,0,0,0,0
"Trpc6",0,0,0,0,0,0,0,0,0,0,0,0,-2.12534568209119,0
"Trpm8",3.83541868895,0,0,0,0,0,0,0,0,0,0,0,0,0
"Tshz2",0,0,0,0,0,0,0,0,0,0,0,0,0,-1.23388644759
"Tspan2",0,0,0,0,0,0,0,0,0,5.50232611582591,0,0,0,0
"Tspan3",-3.04694823602,0,0,0,0,0,0,0,0,0,0,0,0,0
"Ttc12",0,0,0,0,0,0,0,0,-3.18487304334592,0,0,0,0,0
"Ttc16",0,0,0,0,0,0,0,0,0,0,0,1.01004251781895,0,0
"Ttc28",0,0,0,0,0,0,0,0,0,0,0,0,-2.07389642175488,0
"Ttc33",0,-1.38440898157233,0,0,0,0,0,0,0,0,0,0,0,0
"Tubb4b",0,4.08451020763625,0,0,0,0,0,0,0,0,0,0,0,0
"Tuft1",0,0,0,0,0,0,0,0,0,6.01099129718591,0,0,0,0
"Txnl1",0,0,0,0,0,0,0,0,0,0,0,-1.13877785486208,0,0
"Tyk2",0,0,0,0,0,0,0,0,0,0,2.36304336216681,0,0,0
"Tymp",0,0,0,0,0,0,0,0,0,0,4.01862514336095,0,0,0
"Tyr",0,0,0,0,0,0,0,0,-5.07685408927583,0,0,0,0,0
"Uaca",0,0,0,0,0,0,0,0,0,2.6166466705245,0,0,0,0
"Uap1",7.62235942884,0,0,0,0,0,0,0,0,0,0,0,0,0
"Uap1l1",0,0,0,0,0,0,0,0,0,0,0,2.79737235571998,0,0
"Uba2",0,0,0,0,0,2.07987848790322,0,0,0,0,0,0,0,0
"Ubald2",0,0,0,0,0,0,0,0,-9.9853774649777,0,0,0,0,0
"Ubash3b",0,0,0,0,0,4.96762401165282,0,0,0,0,0,0,0,0
"Ube2j1",3.76002103397,0,0,0,0,0,0,0,0,0,0,0,0,0
"Ube2l6",0,0,0,0,8.21558512599392,0,0,0,0,0,0,0,0,0
"Ube2z",0,0,0,0,0,0,2.15293276565257,0,0,0,2.24879962181531,0,0,0
"Ucma",0,0,0,0,0,0,0,0,0,0,0,1.1853146014807,0,0
"Unc5b",0,0,0,0,0,0,0,0,0,3.83381952180863,0,0,0,0
"Unc5d",0,0,0,0,0,0,0,0,0,0,0,0,-2.53942754943866,0
"Upk1b",0,0,0,0,0,0,0,0,0,0,0,0,0,1.62050396442
"Upk2",0,0,-3.38692225002,0,0,0,0,0,0,0,0,0,0,0
"Usp18",0,0,0,0,12.1780117527987,0,0,0,0,0,0,0,0,0
"Usp36",0,1.59254306774406,0,0,0,0,0,0,0,0,0,0,0,0
"Usp43",0,0,0,0,0,0,0,0,0,0,3.44922455572442,0,0,0
"Uxs1",0,0,0,0,0,0,0,0,0,0,4.23497082219788,0,0,0
"Vamp5",0,0,0,0,0,0,0,0,-4.36107400342695,0,0,0,0,0
"Vash2",0,0,0,0,0,0,0,0,0,0,0,0,-3.04376019627761,0
"Vav3",0,-3.38648503621611,0,0,0,0,0,0,0,0,0,0,0,0
"Vcam1",0,0,0,0,0,0,0,0,0,0,6.39398009755798,0,0,0
"Vegfa",0,0,0,10.6128989257688,0,0,0,0,0,0,0,0,0,0
"Vhl",0,0,0,0,0,0,0,0,0,0,0,-1.19230810700464,0,0
"Vipr2",0,0,0,0,0,0,0,0,0,0,0,0.696047191500632,0,0
"Vkorc1",0,0,0,5.41943367385705,0,0,0,0,0,0,0,0,0,0
"Vldlr",0,0,0,10.2663341424861,0,0,0,0,0,0,0,0,0,0
"Vpreb1",0,0,0,0,0,0,0,0,0,0,0,0,-1.58984508462195,0
"Vpreb2",0,0,0,0,0,0,0,0,0,0,0,0,-1.58984508462195,0
"Vpreb3",0,0,0,0,0,0,0,0,0,0,0,1.93466431338626,-3.39233793500076,0
"Vwa8",0,0,0,0,0,0,0,0,0,0,0,0,-3.60680434040849,0
"Wars",0,0,0,0,6.96351974965593,0,0,0,0,0,0,0,0,0
"Wdr19",0,-1.49378942406405,0,0,0,0,0,0,0,0,0,0,0,0
"Wdr3",0,0,0,0,0,2.29911529903853,0,0,0,0,0,0,0,0
"Wdr31",0,0,0,0,0,0,0,0,-3.94383878232922,0,0,0,0,0
"Wdr45b",0,0,0,4.50436233227095,0,0,0,0,0,0,0,0,0,0
"Wdr54",0,0,0,5.69550164178515,0,0,0,0,0,0,0,0,0,0
"Wdr63",0,0,0,0,0,0,0,13.0984058801245,0,0,0,0,0,0
"Wdr78",0,0,0,0,0,0,0,0,-3.62712257526587,0,0,0,0,0
"Wfdc10",0,0,0,0,0,0,0,0,0,0,0,1.59819595907836,0,0
"Wfdc2",0,0,0,0,0,0,0,0,0,0,0,0,0,-1.31768738028
"Wfs1",0,0,4.21639521035,0,0,0,0,0,0,0,0,0,0,0
"Whrn",0,0,0,0,0,0,0,0,-5.1520134383423,0,0,0,0,0
"Wipi2",0,0,0,0,0,0,0,0,-3.15306605993472,0,0,0,0,0
"Wnt16",0,0,0,0,0,0,0,0,0,0,0,0,-2.03801122829194,0
"Wnt8a",0,0,0,0,0,0,0,0,0,0,0,-1.84696160993909,0,0
"Wsb1",0,0,0,7.02422434767253,0,0,0,0,0,0,0,0,0,0
"Wtap",0,0,0,0,0,0,3.76663440288848,0,0,0,3.22152819902064,0,0,0
"Wwc1",0,0,5.58743801371,0,0,0,0,0,0,0,0,0,0,0
"Xab2",0,0,0,0,0,0,0,0,0,0,0,1.39527159964392,0,0
"Xaf1",0,0,0,0,8.78028611502116,0,0,0,0,0,0,0,0,0
"Xbp1",0,0,5.71530844515,0,0,0,0,0,0,0,0,0,0,0
"Xk",0,0,0,0,0,0,0,0,0,0,0,0,-4.11559505539785,0
"Xkr4",0,0,0,0,0,0,0,0,0,0,0,0,-3.63251576361539,0
"Xpc",0,0,0,0,0,0,0,6.58702600859331,0,0,0,0,0,0
"Xrcc3",0,1.48795707507058,0,0,0,1.5437565622297,0,0,0,0,0,0,0,0
"Xrcc4",0,0,0,0,0,0,0,0,0,3.3772318622335,0,0,0,0
"Xylt1",0,0,0,0,0,0,0,0,0,3.19771560300269,0,0,0,0
"Ybx2",0,0,0,0,0,0,0,0,-4.4198573450747,0,0,0,0,0
"Yeats2",0,0,0,5.35312751650689,0,0,0,0,0,0,0,0,0,0
"Yipf5",0,0,0,0,0,0,0,0,0,2.811936356491,0,0,0,0
"Yrdc",0,0,0,0,0,3.62564642925459,0,0,0,0,0,0,0,0
"Zbp1",0,0,0,0,1.94145155963196,0,0,0,0,0,0,0,0,0
"Zbtb16",10.6144369438,0,0,0,0,0,0,0,0,0,0,0,0,0
"Zbtb25",0,0,0,3.41905880784931,0,0,0,0,0,0,0,0,0,0
"Zbtb3",0,-1.41817297699195,0,0,0,-1.56916397321037,0,0,0,0,0,0,0,0
"Zc3hav1",0,0,0,0,5.13372699252116,0,0,0,0,0,0,0,0,0
"Zdhhc7",0,0,-4.83093256313,0,0,0,0,0,0,0,0,0,0,0
"Zfp202",0,0,0,0,0,0,0,0,0,0,0,0,2.30653707966537,0
"Zfp292",0,0,0,6.02393811187105,0,0,0,0,0,0,0,0,0,0
"Zfp30",0,0,0,0,0,0,0,0,0,0,0,0,0,1.53566031892
"Zfp395",0,0,0,8.06093404354757,0,0,0,0,0,0,0,0,0,0
"Zfp451",0,-1.05600688074436,0,0,0,0,0,0,0,0,0,0,0,0
"Zfp523",0,0,0,0,0,0,0,0,-2.79225593483092,0,0,0,0,0
"Zfp597",0,0,0,0,0,0,0,0,0,0,0,0,3.02088005545987,0
"Zfp654",0,0,0,4.28806196320664,0,0,0,0,0,0,0,0,0,0
"Zfp94",0,0,0,0,0,0,0,0,0,0,0,0,0,2.19565822721
"Zfp956",0,0,0.962205717296667,0,0,0,0,0,0,0,0,0,0,0.36763004658
"Zmat3",0,0,0,0,0,0,0,7.95669826461469,0,0,0,0,0,0
"Zmpste24",0,0,0,-4.39234027752698,0,0,0,0,0,0,0,0,0,0
"Zmynd12",0,0,0,0,0,0,0,0,-5.42818064478487,0,0,0,0,0
"Znfx1",0,0,0,0,6.49639821416828,0,0,0,0,0,0,0,0,0
"Znrf4",0,0,0,0,0,0,0,0,0,0,0,1.03388541926211,0,0
"Zscan2",0,0,0,0,0,0,0,0,-3.15874345354772,0,0,0,0,0
